{
  "H": {
    "name": "H",
    "Z": 1.0,
    "Zc": 1.0,
    "a_params": [
      0.0,
      1.0,
      0.0,
      1.0,
      0.0,
      1.0
    ],
    "default_n": 1,
    "default_l": 0,
    "ip_ev": 13.6,
    "description": "Hydrogen Atom (Exact Coulomb)"
  },
  "He+": {
    "name": "He+",
    "Z": 2.0,
    "Zc": 2.0,
    "a_params": [
      0.0,
      1.0,
      0.0,
      1.0,
      0.0,
      1.0
    ],
    "default_n": 1,
    "default_l": 0,
    "ip_ev": 54.42,
    "description": "Helium Ion (Hydrogenic Z=2)"
  },
  "Li": {
    "name": "Li",
    "Z": 3.0,
    "Zc": 1.0,
    "a_params": [
      2.0905537035058215,
      2.2476388235265246,
      0.00011647928422555629,
      1.0078949726682511,
      0.00015852706790086662,
      1.0096943897401807
    ],
    "default_n": 2,
    "default_l": 0,
    "ip_ev": 5.3917,
    "description": "Li (2s matched to NIST)"
  },
  "Ne": {
    "name": "Ne",
    "Z": 10.0,
    "Zc": 1.0,
    "a_params": [
      9.355878140614454,
      0.9684547981873504,
      0.00010816494240625633,
      0.9902453990246807,
      0.00014310087108274793,
      1.008061448873021
    ],
    "default_n": 2,
    "default_l": 1,
    "ip_ev": 21.565,
    "description": "Ne (2p matched to NIST)"
  }
}