{
  "H": {
    "name": "H",
    "Z": 1.0,
    "Zc": 1.0,
    "a_params": [
      0.0,
      1.0,
      0.0,
      1.0,
      0.0,
      1.0
    ],
    "default_n": 1,
    "default_l": 0,
    "ip_ev": 13.6,
    "description": "Hydrogen Atom (Exact Coulomb)"
  },
  "He+": {
    "name": "He+",
    "Z": 2.0,
    "Zc": 2.0,
    "a_params": [
      0.0,
      1.0,
      0.0,
      1.0,
      0.0,
      1.0
    ],
    "default_n": 1,
    "default_l": 0,
    "ip_ev": 54.42,
    "description": "Helium Ion (Hydrogenic Z=2)"
  },
  "Li": {
    "name": "Li",
    "Z": 3.0,
    "Zc": 1.0,
    "a_params": [
      2.0905537035058215,
      2.2476388235265246,
      0.00011647928422555629,
      1.0078949726682511,
      0.00015852706790086662,
      1.0096943897401807
    ],
    "default_n": 2,
    "default_l": 0,
    "ip_ev": 5.3917,
    "description": "Li (2s matched to NIST)"
  },
  "Ne": {
    "name": "Ne",
    "Z": 10.0,
    "Zc": 1.0,
    "a_params": [
      9.355878140614454,
      0.9684547981873504,
      0.00010816494240625633,
      0.9902453990246807,
      0.00014310087108274793,
      1.008061448873021
    ],
    "default_n": 2,
    "default_l": 1,
    "ip_ev": 21.565,
    "description": "Ne (2p matched to NIST)"
  },
  "Ne+": {
    "name": "Ne+",
    "Z": 10.0,
    "Zc": 2.0,
    "a_params": [
      9.065723318769209,
      0.995316877725613,
      9.955658689619472e-05,
      1.0193015460820218,
      0.0001034848479302172,
      0.978135668396552
    ],
    "default_n": 2,
    "default_l": 1,
    "ip_ev": 40.963,
    "description": "Ne+ (2p matched to NIST)"
  },
  "Be": {
    "name": "Be",
    "Z": 4.0,
    "Zc": 1.0,
    "a_params": [
      3.6573106759650558,
      0.408178593433704,
      -0.0003148897420115787,
      1.0330630799241938,
      0.001315583783299071,
      1.1490101437271698
    ],
    "default_n": 2,
    "default_l": 0,
    "ip_ev": 9.323,
    "description": "Be (2s matched to NIST)"
  },
  "C": {
    "name": "C",
    "Z": 6.0,
    "Zc": 1.0,
    "a_params": [
      3.5937742476423766,
      1.1072220613485375,
      0.00020999502044231414,
      1.1126648378758475,
      -2.4377945482145474e-05,
      1.0486534697223098
    ],
    "default_n": 2,
    "default_l": 1,
    "ip_ev": 11.26,
    "description": "C (2p matched to NIST)"
  },
  "Na": {
    "name": "Na",
    "Z": 11.0,
    "Zc": 1.0,
    "a_params": [
      9.91562601891226,
      1.713824635109689,
      0.0025558341128435183,
      0.10019763672568252,
      0.0009508445475925958,
      3.368147542565101
    ],
    "default_n": 3,
    "default_l": 0,
    "ip_ev": 5.139,
    "description": "Na (3s matched to NIST)"
  }
}