{
  "Excitation_Z1.0_H_n1l0_to_n2l0": [
    {
      "energy_eV": 10.704,
      "sigma_au": 1.2007845935592625,
      "sigma_cm2": 3.362539325732018e-17,
      "sigma_mtong_cm2": 8.208080366119636e-18,
      "sigma_scaled_cm2": 5.636676197540987e-19,
      "calibration_alpha": 0.016763153234836573,
      "partial_waves": {
        "L0": 7.789978815372495e-18,
        "L1": 2.1997202558290866e-17,
        "L2": 3.790404888965264e-18,
        "L3": 4.7932992317429464e-20,
        "L4": 3.3653225077056825e-23,
        "L5": 7.441870693484513e-26,
        "L6": 6.086950517081068e-50,
        "L7": 1.1319799330272564e-49,
        "L8": 1.2609636133040327e-50,
        "L9": 7.662607232248591e-52,
        "L10": 8.69382707680807e-51,
        "L11": 4.577550371914048e-49,
        "L12": 7.901045691324073e-51,
        "L13": 2.1966332990234618e-49,
        "L14": 2.676749550249151e-48
      }
    },
    {
      "energy_eV": 13.227,
      "sigma_au": 0.9637614283536458,
      "sigma_cm2": 2.6988068641495746e-17,
      "sigma_mtong_cm2": 2.2741525624379783e-17,
      "sigma_scaled_cm2": 4.524051301496809e-19,
      "calibration_alpha": 0.016763153234836573,
      "partial_waves": {
        "L0": 4.8607244889219495e-18,
        "L1": 1.4334343958681835e-17,
        "L2": 6.920802711378837e-18,
        "L3": 8.409136607149292e-19,
        "L4": 3.125868457248016e-20,
        "L5": 5.739444410028794e-22,
        "L6": 3.810481353239672e-29,
        "L7": 1.365687132740913e-31,
        "L8": 2.0792134440068093e-34,
        "L9": 3.24226677610601e-37,
        "L10": 1.3731960028243022e-38,
        "L11": 1.7628559444710628e-40,
        "L12": 1.1543518925196492e-42,
        "L13": 3.0623086415954023e-45,
        "L14": 5.072371409275516e-48
      }
    },
    {
      "energy_eV": 21.831,
      "sigma_au": 0.7064496547540808,
      "sigma_cm2": 1.978260512752962e-17,
      "sigma_mtong_cm2": 1.804030292723529e-17,
      "sigma_scaled_cm2": 3.316188411370427e-19,
      "calibration_alpha": 0.016763153234836573,
      "partial_waves": {
        "L0": 2.794359105099185e-18,
        "L1": 8.96969789196438e-18,
        "L2": 6.050186805840638e-18,
        "L3": 1.6397818170094737e-18,
        "L4": 2.8834541335150866e-19,
        "L5": 4.13426180658805e-20,
        "L6": 2.9662363672935185e-22,
        "L7": 2.2688544110388086e-23,
        "L8": 1.681840226296249e-24,
        "L9": 1.1334192031962656e-25,
        "L10": 7.354906554741247e-27,
        "L11": 4.919579934372544e-28,
        "L12": 2.9807753702342566e-29,
        "L13": 1.6412318302014183e-30,
        "L14": 1.3909867384731317e-31
      }
    },
    {
      "energy_eV": 36.49,
      "sigma_au": 0.4716852760389211,
      "sigma_cm2": 1.3208532975497052e-17,
      "sigma_mtong_cm2": 1.0563079767166688e-17,
      "sigma_scaled_cm2": 2.2141666227564897e-19,
      "calibration_alpha": 0.016763153234836573,
      "partial_waves": {
        "L0": 1.4820525577656431e-18,
        "L1": 4.682744784680741e-18,
        "L2": 4.1835530053347925e-18,
        "L3": 1.981792277309729e-18,
        "L4": 6.675126630732007e-19,
        "L5": 1.9031093020389955e-19,
        "L6": 1.7721268868250343e-20,
        "L7": 3.829664407575942e-21,
        "L8": 8.236632430720484e-22,
        "L9": 1.6470436692564635e-22,
        "L10": 3.2397683549311777e-23,
        "L11": 6.306692792096538e-24,
        "L12": 1.2053379384962913e-24,
        "L13": 2.2327334252092925e-25,
        "L14": 3.8847357521631163e-26
      }
    },
    {
      "energy_eV": 61.464,
      "sigma_au": 0.2928815136965885,
      "sigma_cm2": 8.20151768158154e-18,
      "sigma_mtong_cm2": 6.192577735292738e-18,
      "sigma_scaled_cm2": 1.3748329765457295e-19,
      "calibration_alpha": 0.016763153234836573,
      "partial_waves": {
        "L0": 7.128499778516806e-19,
        "L1": 2.1961384548921633e-18,
        "L2": 2.335522652805865e-18,
        "L3": 1.5920878132757618e-18,
        "L4": 8.424715949339932e-19,
        "L5": 3.789897947257527e-19,
        "L6": 9.236695059087863e-20,
        "L7": 3.485997342475478e-20,
        "L8": 1.2307972841785157e-20,
        "L9": 4.196147947197181e-21,
        "L10": 1.421076681988182e-21,
        "L11": 4.54995094611097e-22,
        "L12": 1.4440258439506694e-22,
        "L13": 4.727427332960469e-23,
        "L14": 1.4737315990364455e-23,
        "L15": 4.52100049838366e-24,
        "L16": 9.90498630162274e-25
      }
    },
    {
      "energy_eV": 104.012,
      "sigma_au": 0.17415775620624266,
      "sigma_cm2": 4.8769138716954946e-18,
      "sigma_mtong_cm2": 3.7387037951373816e-18,
      "sigma_scaled_cm2": 8.175245454433168e-20,
      "calibration_alpha": 0.016763153234836573,
      "partial_waves": {
        "L0": 3.1289303169264107e-19,
        "L1": 9.27396881059878e-19,
        "L2": 1.1495983430852632e-18,
        "L3": 9.819799864831968e-19,
        "L4": 6.98279973691505e-19,
        "L5": 4.35680927545879e-19,
        "L6": 1.836332682929351e-19,
        "L7": 9.708685494324666e-20,
        "L8": 4.9009184720739536e-20,
        "L9": 2.3549984364477075e-20,
        "L10": 1.1177640380568585e-20,
        "L11": 5.1032967346730215e-21,
        "L12": 2.315234192075575e-21,
        "L13": 1.0378108182851732e-21,
        "L14": 4.591078482705422e-22,
        "L15": 1.9657685687237142e-22,
        "L16": 7.218000316629918e-23,
        "L17": 2.994592153010271e-23,
        "L18": 1.305489023417916e-23,
        "L19": 5.692840353451924e-24,
        "L20": 2.449774292223511e-24
      }
    },
    {
      "energy_eV": 176.501,
      "sigma_au": 0.1020552676945939,
      "sigma_cm2": 2.8578385570720943e-18,
      "sigma_mtong_cm2": 2.311113365621348e-18,
      "sigma_scaled_cm2": 4.7906385652623765e-20,
      "calibration_alpha": 0.016763153234836573,
      "partial_waves": {
        "L0": 1.2564675653330461e-19,
        "L1": 3.6910093333734716e-19,
        "L2": 5.056095369281993e-19,
        "L3": 5.13301374482126e-19,
        "L4": 4.427764965596066e-19,
        "L5": 3.4085630642181435e-19,
        "L6": 2.0361518810575658e-19,
        "L7": 1.3738073669615632e-19,
        "L8": 8.917626741468041e-20,
        "L9": 5.433031273419073e-20,
        "L10": 3.354995880558838e-20,
        "L11": 1.9319375894616047e-20,
        "L12": 1.1586374688462571e-20,
        "L13": 6.398128765284462e-21,
        "L14": 3.756137481835762e-21,
        "L15": 1.9946326902113746e-21,
        "L16": 1.0485089161787263e-21,
        "L17": 5.426349634919903e-22,
        "L18": 3.1066905596233906e-22,
        "L19": 1.6039793923219596e-22,
        "L20": 9.157101999278381e-23,
        "L21": 4.705466164597697e-23,
        "L22": 2.6427953608862103e-23,
        "L23": 1.4452149707651814e-23,
        "L24": 7.840144816794218e-24,
        "L25": 4.418582724501773e-24
      }
    },
    {
      "energy_eV": 300.0,
      "sigma_au": 0.05994594351194006,
      "sigma_cm2": 1.6786573841652177e-18,
      "sigma_mtong_cm2": 1.4491649488614922e-18,
      "sigma_scaled_cm2": 2.813959095955147e-20,
      "calibration_alpha": 0.016763153234836573,
      "partial_waves": {
        "L0": 4.773092030275462e-20,
        "L1": 1.4056712045961145e-19,
        "L2": 2.0592121075703168e-19,
        "L3": 2.3509923284833846e-19,
        "L4": 2.318865847071317e-19,
        "L5": 2.0955269315100224e-19,
        "L6": 1.5445281088250343e-19,
        "L7": 1.2431963089001881e-19,
        "L8": 9.51623920417114e-20,
        "L9": 7.184967261195614e-20,
        "L10": 5.1250017895310205e-20,
        "L11": 3.714392491150975e-20,
        "L12": 2.526021205698017e-20,
        "L13": 1.776706660048553e-20,
        "L14": 1.1523272630121433e-20,
        "L15": 8.013707562861251e-21,
        "L16": 4.858396539613064e-21,
        "L17": 3.377965099167099e-21,
        "L18": 2.0616359067173926e-21,
        "L19": 1.4221394126174093e-21,
        "L20": 8.570437515285115e-22,
        "L21": 5.934171489936293e-22,
        "L22": 3.4970164649801604e-22,