{
  "Excitation_Z1.0_H_n1l0_to_n2l0": [
    {
      "energy_eV": 10.5,
      "sigma_au": 0.5486882388782944,
      "sigma_cm2": 1.5364835547449525e-17,
      "sigma_mtong_cm2": 2.1258043590407467e-18,
      "sigma_scaled_cm2": 2.1258043590407467e-18,
      "calibration_alpha": 0.006801678702163434,
      "calibration_factor": 0.13835516510904786,
      "partial_waves": {
        "L0": 3.508845349780597e-18,
        "L1": 9.060811763949078e-18,
        "L2": 2.7947118582851318e-18,
        "L3": 5.539009817647777e-22,
        "L4": 5.057089822562548e-25,
        "L5": 1.3668334822179003e-27,
        "L6": 3.290783138200348e-51,
        "L7": 9.082311578584535e-51,
        "L8": 1.1868515885309412e-49,
        "L9": 3.784822810269877e-49,
        "L10": 8.796102345137047e-50,
        "L11": 4.9882287753005845e-49,
        "L12": 9.311849142278515e-49,
        "L13": 2.852725818705476e-48,
        "L14": 4.409958293497458e-50
      }
    },
    {
      "energy_eV": 10.85,
      "sigma_au": 0.5040087159072468,
      "sigma_cm2": 1.4113681478260677e-17,
      "sigma_mtong_cm2": 4.0828797827728684e-18,
      "sigma_scaled_cm2": 4.0828797827728684e-18,
      "calibration_alpha": 0.006801678702163434,
      "calibration_factor": 0.2892852434753989,
      "partial_waves": {
        "L0": 2.831121643121484e-18,
        "L1": 8.367534980211682e-18,
        "L2": 2.9075648381817853e-18,
        "L3": 7.54104046497459e-21,
        "L4": 1.4558347054267967e-23,
        "L5": 6.978151502862762e-26,
        "L6": 2.6632509281458743e-46,
        "L7": 1.5976284227727035e-51,
        "L8": 6.772398268079417e-51,
        "L9": 9.484714551292894e-50,
        "L10": 4.369265908014129e-51,
        "L11": 3.7795134055190476e-50,
        "L12": 1.4439678066362229e-53,
        "L13": 2.8418501783332975e-49,
        "L14": 1.3088588678621493e-49
      }
    },
    {
      "energy_eV": 11.444,
      "sigma_au": 0.466495838129778,
      "sigma_cm2": 1.306321391376413e-17,
      "sigma_mtong_cm2": 6.397792790572326e-18,
      "sigma_scaled_cm2": 6.397792790572326e-18,
      "calibration_alpha": 0.006801678702163434,
      "calibration_factor": 0.4897564131466342,
      "partial_waves": {
        "L0": 2.4318262484364318e-18,
        "L1": 7.715878648065486e-18,
        "L2": 2.8524749585910004e-18,
        "L3": 6.294089060088199e-20,
        "L4": 2.133319110079911e-22,
        "L5": 1.7153996969895453e-24,
        "L6": 1.3868782201456377e-38,
        "L7": 6.039920097183098e-42,
        "L8": 2.494677830761943e-47,
        "L9": 1.1007491205248698e-48,
        "L10": 1.3475220974033372e-50,
        "L11": 6.067731825309283e-52,
        "L12": 1.1943824989716917e-50,
        "L13": 3.4352165806108986e-49,
        "L14": 2.53244309548235e-50
      }
    },
    {
      "energy_eV": 12.454,
      "sigma_au": 0.4435168953432863,
      "sigma_cm2": 1.2419737979797536e-17,
      "sigma_mtong_cm2": 8.505536055086092e-18,
      "sigma_scaled_cm2": 8.505536055086092e-18,
      "calibration_alpha": 0.006801678702163434,
      "calibration_factor": 0.6848402171544643,
      "partial_waves": {
        "L0": 2.123144405844163e-18,
        "L1": 7.253743801260303e-18,
        "L2": 2.8269073436507797e-18,
        "L3": 2.1399858924082012e-19,
        "L4": 2.0966634167582467e-21,
        "L5": 3.0733606434348584e-23,
        "L6": 7.6406815634372e-33,
        "L7": 4.863708996265801e-35,
        "L8": 4.282557236171801e-37,
        "L9": 9.224942571782923e-40,
        "L10": 8.07668926054579e-43,
        "L11": 4.798287697842043e-46,
        "L12": 9.54186110097062e-48,
        "L13": 2.4756168601098673e-49,
        "L14": 8.543189125100577e-51
      }
    },
    {
      "energy_eV": 14.17,
      "sigma_au": 0.41609277011141144,
      "sigma_cm2": 1.1651784259699877e-17,
      "sigma_mtong_cm2": 9.548208550418245e-18,
      "sigma_scaled_cm2": 9.548208550418245e-18,
      "calibration_alpha": 0.006801678702163434,
      "calibration_factor": 0.8194632116080893,
      "partial_waves": {
        "L0": 1.827129148241325e-18,
        "L1": 6.701993729376843e-18,
        "L2": 2.768053553918344e-18,
        "L3": 3.4124836819558535e-19,
        "L4": 1.3264275088436409e-20,
        "L5": 3.7977319567330767e-22,
        "L6": 2.9976098061405696e-28,
        "L7": 6.801444862073456e-30,
        "L8": 1.026449166879006e-31,
        "L9": 9.848485089759586e-34,
        "L10": 5.933980249073133e-36,
        "L11": 2.6220871738084176e-38,
        "L12": 5.171168215464295e-41,
        "L13": 4.379119915447976e-42,
        "L14": 1.9948513306859753e-43,
        "born_topup": 9.521003720985879e-45
      }
    },
    {
      "energy_eV": 17.086,
      "sigma_au": 0.37228615964987055,
      "sigma_cm2": 1.0425074230323697e-17,
      "sigma_mtong_cm2": 9.005945758313914e-18,
      "sigma_scaled_cm2": 9.005945758313914e-18,
      "calibration_alpha": 0.006801678702163434,
      "calibration_factor": 0.8638735379090227,
      "partial_waves": {
        "L0": 1.5066582414291172e-18,
        "L1": 5.684245602928145e-18,
        "L2": 2.7103582513996906e-18,
        "L3": 4.743495490021422e-19,
        "L4": 4.677337009160731e-20,
        "L5": 3.118788894531794e-21,
        "L6": 5.209040308049581e-25,
        "L7": 1.2571901654865468e-26,
        "L8": 1.6069527046774692e-28,
        "L9": 1.7824810361460276e-30,
        "L10": 5.111300738920652e-32,
        "L11": 4.422128426092741e-33,
        "L12": 3.0685944527064803e-34,
        "L13": 2.0259741462176285e-35,
        "L14": 1.031010967261901e-36,
        "born_topup": 5.528100853540273e-38
      }
    },
    {
      "energy_eV": 22.042,
      "sigma_au": 0.307546527367273,
      "sigma_cm2": 8.612179888979696e-18,
      "sigma_mtong_cm2": 7.251419497625803e-18,
      "sigma_scaled_cm2": 7.251419497625803e-18,
      "calibration_alpha": 0.006801678702163434,
      "calibration_factor": 0.8419958234853934,
      "partial_waves": {
        "L0": 1.1498011480276628e-18,
        "L1": 4.159761306606789e-18,
        "L2": 2.539844773135532e-18,
        "L3": 6.355605142917166e-19,
        "L4": 1.1220535430758283e-19,
        "L5": 1.5470459204485984e-20,
        "L6": 1.2619409596918421e-22,
        "L7": 9.605016035237494e-24,
        "L8": 7.535704990584881e-25,
        "L9": 5.356549997255451e-26,
        "L10": 3.8064483991251644e-27,
        "L11": 2.6568816426083165e-28,
        "L12": 1.750752387492045e-29,
        "L13": 1.028930602084099e-30,
        "L14": 7.480309219851792e-32,
        "born_topup": 5.864522869832131e-33
      }
    },
    {
      "energy_eV": 30.463,
      "sigma_au": 0.2340637209673251,
      "sigma_cm2": 6.554451736817302e-18,
      "sigma_mtong_cm2": 5.1880223302385525e-18,
      "sigma_scaled_cm2": 5.1880223302385525e-18,
      "calibration_alpha": 0.006801678702163434,
      "calibration_factor": 0.7915265133613971,
      "partial_waves": {
        "L0": 7.84360673890383e-19,
        "L1": 2.639882045629047e-18,
        "L2": 2.1034737560401725e-18,
        "L3": 7.651438884793071e-19,
        "L4": 2.1036867343877498e-19,
        "L5": 4.8836811893275163e-20,
        "L6": 2.6368222701826577e-21,
        "L7": 4.278415051343728e-22,
        "L8": 6.885522868257368e-23,
        "L9": 1.0420493121210563e-23,
        "L10": 1.5303597719321132e-24,
        "L11": 2.0699899793113147e-25,
        "L12": 3.2072922880210007e-26,
        "L13": 4.7065586337306215e-27,
        "L14": 6.694892480980401e-28,
        "born_topup": 1.1102505567876105e-28
      }
    },
    {
      "energy_eV": 44.774,
      "sigma_au": 0.16449717371031447,
      "sigma_cm2": 4.606390009828227e-18,
      "sigma_mtong_cm2": 3.4620235610053573e-18,
      "sigma_scaled_cm2": 3.4620235610053577e-18,
      "calibration_alpha": 0.006801678702163434,
      "calibration_factor": 0.7515697875383455,
      "partial_waves": {
        "L0": 4.703649567336681e-19,
        "L1": 1.4883105556093487e-18,
        "L2": 1.454549989085233e-18,