{
  "Excitation_Z10.0_Ne+_n2l1_to_n3l0": [
    {
      "energy_eV": 35.484,
      "sigma_au": 0.006313243045796073,
      "sigma_cm2": 1.7678881065145666e-19,
      "sigma_mtong_cm2": 4.734818990969533e-23,
      "sigma_scaled_cm2": 4.734818990969532e-23,
      "calibration_alpha": 5.403167429573841e-05,
      "calibration_factor": 0.00026782345407053734,
      "partial_waves": {
        "L0": 7.322823397606305e-20,
        "L1": 7.189954895856681e-20,
        "L2": 7.255510312783026e-21,
        "L3": 5.526834311855843e-20,
        "L4": 4.548915097461776e-21,
        "L5": 4.441795124268891e-22,
        "L6": 3.1515940789887116e-24,
        "L7": 5.571704272441734e-24,
        "L8": 3.743342432691162e-24,
        "L9": 3.112474688343512e-24,
        "L10": 2.8773311490453382e-24,
        "L11": 4.0443477295313023e-25,
        "L12_excluded": 1.6056530216568541e-24,
        "born_topup": 3.5208428715399803e-23
      }
    },
    {
      "energy_eV": 36.49,
      "sigma_au": 0.004378182443216101,
      "sigma_cm2": 1.226015949863789e-19,
      "sigma_mtong_cm2": 1.4029075391000654e-22,
      "sigma_scaled_cm2": 1.4029075391000654e-22,
      "calibration_alpha": 5.403167429573841e-05,
      "calibration_factor": 0.0011442816378171338,
      "partial_waves": {
        "L0": 5.278909841885132e-20,
        "L1": 4.6674944442578304e-20,
        "L2": 5.274728234135807e-21,
        "L3": 3.6666049425465876e-20,
        "L4": 4.165955124473491e-21,
        "L5": 4.43416222777427e-22,
        "L6": 5.0634338431289e-24,
        "L7": 1.3135575392695761e-24,
        "L8": 2.209215126007751e-24,
        "L9": 3.50377601010538e-24,
        "L10": 4.843674703340436e-24,
        "L11_excluded": 9.620437902748698e-24,
        "born_topup": 4.601307534320932e-25
      }
    },
    {
      "energy_eV": 61.464,
      "sigma_au": 0.0018496821331354637,
      "sigma_cm2": 5.1796375021236686e-20,
      "sigma_mtong_cm2": 1.18223688049901e-21,
      "sigma_scaled_cm2": 1.18223688049901e-21,
      "calibration_alpha": 5.403167429573841e-05,
      "calibration_factor": 0.022824703080365934,
      "partial_waves": {
        "L0": 1.0005916229531696e-20,
        "L1": 7.980131797081973e-21,
        "L2": 1.7450383743555707e-21,
        "L3": 8.31107772126008e-21,
        "L4": 1.0971822541991482e-20,
        "L5": 6.975156127944966e-21,
        "L6": 2.319661037999628e-21,
        "L7": 2.184599214520403e-22,
        "L8": 7.663341528611377e-23,
        "L9": 1.0105495607202205e-22,
        "L10": 1.10539935325963e-22,
        "L11": 1.230563239030743e-22,
        "L12": 1.2576452997757266e-22,
        "L13": 1.0885897629673586e-22,
        "L14": 8.574056641598313e-23,
        "L15": 7.240651230956242e-23,
        "L16": 5.757198672601887e-23,
        "L17": 4.7728580706283047e-23,
        "L18": 3.794370605488557e-23,
        "L19": 3.1312107857790096e-23,
        "L20": 2.6694436159200036e-23,
        "L21": 2.5611423169480523e-23,
        "L22": 2.910348485731185e-23,
        "L23": 2.717295968283715e-23,
        "L24_excluded": 3.5736774630652544e-23,
        "born_topup": 1.54318662817711e-22
      }
    },
    {
      "energy_eV": 104.012,
      "sigma_au": 0.001305466768481324,
      "sigma_cm2": 3.6556792708700783e-20,
      "sigma_mtong_cm2": 1.2344169210906766e-21,
      "sigma_scaled_cm2": 1.2344169210906764e-21,
      "calibration_alpha": 5.403167429573841e-05,
      "calibration_factor": 0.03376710125877307,
      "partial_waves": {
        "L0": 1.9934124932537682e-21,
        "L1": 1.2681487746083441e-21,
        "L2": 1.5728112775238504e-21,
        "L3": 9.8285051565841e-22,
        "L4": 4.2816838498328064e-21,
        "L5": 5.456257494271216e-21,
        "L6": 4.1299909318027744e-21,
        "L7": 3.392517203526999e-21,
        "L8": 2.1602754105702875e-21,
        "L9": 1.3712968584938283e-21,
        "L10": 8.283902097899101e-22,
        "L11": 5.180258107482486e-22,
        "L12": 3.1429127804125716e-22,
        "L13": 2.1207085657105878e-22,
        "L14": 1.2887161625931122e-22,
        "L15": 8.414763962444046e-23,
        "L16": 5.058761887012372e-23,
        "L17": 3.857578959350872e-23,
        "L18": 2.7345284733036744e-23,
        "L19": 2.0810331391718595e-23,
        "L20": 1.6652097202341405e-23,
        "L21": 1.6093881209956577e-23,
        "L22": 1.4788748290249004e-23,
        "L23": 1.349468527548254e-23,
        "L24": 1.5559472902289915e-23,
        "L25": 1.5223803331207318e-23,
        "L26_excluded": 2.2642436536451187e-23,
        "born_topup": 1.4072462361285345e-22
      }
    },
    {
      "energy_eV": 176.501,
      "sigma_au": 0.0008318261148081349,
      "sigma_cm2": 2.329350358270721e-20,
      "sigma_mtong_cm2": 1.01533889486663e-21,
      "sigma_scaled_cm2": 1.01533889486663e-21,
      "calibration_alpha": 5.403167429573841e-05,
      "calibration_factor": 0.043588929903202886,
      "partial_waves": {
        "L0": 3.8721959982433666e-22,
        "L1": 3.304953510275285e-22,
        "L2": 8.85696615614247e-22,
        "L3": 1.744185949918908e-22,
        "L4": 7.817133759422492e-22,
        "L5": 1.847205019960591e-21,
        "L6": 2.41599313090967e-21,
        "L7": 2.6769928217965928e-21,
        "L8": 2.5076852943781556e-21,
        "L9": 2.2027686651928177e-21,
        "L10": 1.7304499559271044e-21,
        "L11": 1.3996965280588058e-21,
        "L12": 1.0557930650397024e-21,
        "L13": 8.596049815553041e-22,
        "L14": 6.435890747115128e-22,
        "L15": 5.299100604322953e-22,
        "L16": 4.004327391571912e-22,
        "L17": 3.4039677336541975e-22,
        "L18": 2.582726119929697e-22,
        "L19": 2.2406079436969657e-22,
        "L20": 1.717624474378427e-22,
        "L21": 1.5302953371646165e-22,
        "L22": 1.201850416484991e-22,
        "L23": 1.0657535947568004e-22,
        "L24": 8.829865240923842e-23,
        "L25": 7.870293859571329e-23,
        "L26": 7.011610834936963e-23,
        "L27": 6.065788379340004e-23,
        "L28": 5.92315416213902e-23,
        "L29": 4.8750906568555865e-23,
        "L30": 5.512692482856484e-23,
        "L31": 4.3429827495377646e-23,
        "L32_excluded": 5.534106473172217e-23,
        "born_topup": 2.2676592394211185e-22
      }
    },
    {
      "energy_eV": 300.0,
      "sigma_au": 0.000634925232162977,
      "sigma_cm2": 1.7779717307325485e-20,
      "sigma_mtong_cm2": 7.706854154362102e-22,
      "sigma_scaled_cm2": 7.706854154362101e-22,
      "calibration_alpha": 5.403167429573841e-05,
      "calibration_factor": 0.043346325597577263,
      "partial_waves": {
        "L0": 7.554993226854033e-23,
        "L1": 1.2259269327079152e-22,
        "L2": 3.1023774975227705e-22,
        "L3": 1.5926729047314736e-22,
        "L4": 9.457360328985103e-23,
        "L5": 3.3099793241387845e-22,
        "L6": 7.686270040395934e-22,
        "L7": 1.0049082478850265e-21,
        "L8": 1.2116692725968823e-21,
        "L9": 1.3094172703425484e-21,
        "L10": 1.2892685251572453e-21,
        "L11": 1.2230846365319922e-21,
        "L12": 1.1004085620056788e-21,
        "L13": 9.847535619864356e-22,
        "L14": 8.639284671334184e-22,
        "L15": 7.6540951031735e-22,
        "L16": 6.631021998704847e-22,
        "L17": 5.8291101487517395e-22,
        "L18": 5.088321636866049e-22,
        "L19": 4.505715557751305e-22,
        "L20": 3.985865386362738e-22,
        "L21": 3.565004918643109e-22,
        "L22": 3.202381498037523e-22,
        "L23": 2.8965495822817696e-22,
        "L24": 2.656549441333678e-22,
        "L25": 2.4371307933884533e-22,
        "L26": 2.2736185541133413e-22,
        "L27": 2.115960061573536e-22,
        "L28": 2.0155791274274753e-22,
        "L29": 1.9118550619827573e-22,
        "L30": 1.8573315217211813e-22,
        "L31": 1.8130776968399757e-22,
        "L32": 1.7852441222128348e-22,
        "L33": 1.8188428762086347e-22,
        "L34": 1.8086639415717622e-22,
        "L35": 1.9486123289877192e-22,
        "L36": 1.932857211583253e-22,