{
  "Excitation_Z1.0_H_n1l0_to_n2l0": [
    {
      "energy_eV": 10.561,
      "sigma_au": 1.2804268576977367,
      "sigma_cm2": 3.585560379293478e-17,
      "sigma_mtong_cm2": 6.179730293913406e-18,
      "sigma_scaled_cm2": 6.01354779847961e-19,
      "calibration_alpha": 0.01677157030518214,
      "partial_waves": {
        "L0": 8.319184092024402e-18,
        "L1": 2.4790846679113748e-17,
        "L2": 2.731149994784666e-18,
        "L3": 1.4551397328309897e-20,
        "L4": 7.224627832542785e-24,
        "L5": 1.322359538754346e-26,
        "L6": 2.1386216842760053e-51,
        "L7": 5.043863496810162e-50,
        "L8": 1.6716412359018597e-52,
        "L9": 5.9656265901149e-51,
        "L10": 1.5831712477367383e-48,
        "L11": 4.3673874000363085e-49,
        "L12": 1.934127590537134e-50,
        "L13": 1.8786610487855402e-48,
        "L14": 1.2039436867261608e-47
      }
    },
    {
      "energy_eV": 13.227,
      "sigma_au": 0.9637682924788931,
      "sigma_cm2": 2.6988260856579154e-17,
      "sigma_mtong_cm2": 2.2752944539321643e-17,
      "sigma_scaled_cm2": 4.526355143707124e-19,
      "calibration_alpha": 0.01677157030518214,
      "partial_waves": {
        "L0": 4.860755211606186e-18,
        "L1": 1.4334474871400778e-17,
        "L2": 6.920832049448295e-18,
        "L3": 8.4091487237988695e-19,
        "L4": 3.125872416314218e-20,
        "L5": 5.7394444098925935e-22,
        "L6": 3.810481353239672e-29,
        "L7": 1.365687132740913e-31,
        "L8": 2.0792134440068093e-34,
        "L9": 3.24226677610601e-37,
        "L10": 1.3731960028243022e-38,
        "L11": 1.7628559444710628e-40,
        "L12": 1.1543518925196492e-42,
        "L13": 3.0623086415954023e-45,
        "L14": 5.072371409275516e-48
      }
    },
    {
      "energy_eV": 16.636,
      "sigma_au": 0.8462088450499261,
      "sigma_cm2": 2.3696261049024012e-17,
      "sigma_mtong_cm2": 2.257393157148319e-17,
      "sigma_scaled_cm2": 3.974235081536553e-19,
      "calibration_alpha": 0.01677157030518214,
      "partial_waves": {
        "L0": 3.731465712457584e-18,
        "L1": 1.1937407010747953e-17,
        "L2": 6.702602554711189e-18,
        "L3": 1.1928501419350942e-18,
        "L4": 1.2374303170245063e-19,
        "L5": 9.172164126227622e-21,
        "L6": 5.792522748616784e-25,
        "L7": 1.0233395656161512e-26,
        "L8": 8.114843790024405e-29,
        "L9": 1.2779882110704092e-30,
        "L10": 1.0349557313110744e-31,
        "L11": 6.350075205429429e-33,
        "L12": 3.4844085606432396e-34,
        "L13": 1.486995018032277e-35,
        "L14": 6.6078769426647935e-37,
        "born_topup": 3.0729494248692937e-38
      }
    },
    {
      "energy_eV": 20.995,
      "sigma_au": 0.7263771336784146,
      "sigma_cm2": 2.034063137058086e-17,
      "sigma_mtong_cm2": 1.8739202281991287e-17,
      "sigma_scaled_cm2": 3.4114432908349023e-19,
      "calibration_alpha": 0.01677157030518214,
      "partial_waves": {
        "L0": 2.9197199958878362e-18,
        "L1": 9.397742705730543e-18,
        "L2": 6.141175022336963e-18,
        "L3": 1.587788050474269e-18,
        "L4": 2.60565321334233e-19,
        "L5": 3.483819167346268e-20,
        "L6": 1.5988652918996244e-22,
        "L7": 1.2104388604849825e-23,
        "L8": 6.5577771061265325e-25,
        "L9": 3.813193296426173e-26,
        "L10": 2.5875398460968093e-27,
        "L11": 1.2082133660413947e-28,
        "L12": 6.386480361735054e-30,
        "L13": 4.02695771398474e-31,
        "L14": 2.040784607504549e-32,
        "born_topup": 1.0894411092644195e-33
      }
    },
    {
      "energy_eV": 26.569,
      "sigma_au": 0.6106312337126285,
      "sigma_cm2": 1.7099416064232147e-17,
      "sigma_mtong_cm2": 1.4778382929573086e-17,
      "sigma_scaled_cm2": 2.867840586988303e-19,
      "calibration_alpha": 0.01677157030518214,
      "partial_waves": {
        "L0": 2.2174362757904833e-18,
        "L1": 7.065398670831198e-18,
        "L2": 5.434003469681476e-18,
        "L3": 1.8597671129082006e-18,
        "L4": 4.365545519925464e-19,
        "L5": 8.516505567997363e-20,
        "L6": 2.426364282691056e-21,
        "L7": 3.13189689631582e-22,
        "L8": 3.807822915890895e-23,
        "L9": 4.696043580902896e-24,
        "L10": 5.291190678423857e-25,
        "L11": 5.562039704489116e-26,
        "L12": 7.008323801198905e-27,
        "L13": 7.458251732755813e-28,
        "L14": 7.9052056560734e-29,
        "born_topup": 9.37234493986661e-30
      }
    },
    {
      "energy_eV": 33.697,
      "sigma_au": 0.5046620260478178,
      "sigma_cm2": 1.4131976025437188e-17,
      "sigma_mtong_cm2": 1.1495621079877004e-17,
      "sigma_scaled_cm2": 2.3701542946176824e-19,
      "calibration_alpha": 0.01677157030518214,
      "partial_waves": {
        "L0": 1.6456102333179638e-18,
        "L1": 5.210404629534148e-18,
        "L2": 4.504174768750448e-18,
        "L3": 1.984579868885611e-18,
        "L4": 6.131992852331889e-19,
        "L5": 1.6125645644067318e-19,
        "L6": 1.1844743099792336e-20,
        "L7": 2.309859916632852e-21,
        "L8": 4.417440415542964e-22,
        "L9": 8.038043135562165e-23,
        "L10": 1.3831426980610555e-23,
        "L11": 2.461169304441591e-24,
        "L12": 4.103249451301242e-25,
        "L13": 6.982480523031109e-26,
        "L14": 1.0607348043996768e-26,
        "born_topup": 1.9000449845807543e-27
      }
    },
    {
      "energy_eV": 42.812,
      "sigma_au": 0.410227203136701,
      "sigma_cm2": 1.1487531655810975e-17,
      "sigma_mtong_cm2": 8.941814669829393e-18,
      "sigma_scaled_cm2": 1.9266394479843917e-19,
      "calibration_alpha": 0.01677157030518214,
      "partial_waves": {
        "L0": 1.1951189201236803e-18,
        "L1": 3.756962290449773e-18,
        "L2": 3.556514527128587e-18,
        "L3": 1.9251913698754553e-18,
        "L4": 7.569285780706957e-19,
        "L5": 2.5251649260729166e-19,
        "L6": 3.430329958889186e-20,
        "L7": 9.05448658897274e-21,
        "L8": 2.3370219381446555e-21,
        "L9": 5.674668321460505e-22,
        "L10": 1.3525265409385584e-22,
        "L11": 3.184065878898176e-23,
        "L12": 7.195281767814184e-24,
        "L13": 1.5890697493953598e-24,
        "L14": 3.6292852362199726e-25,
        "born_topup": 1.0742409641708675e-25
      }
    },
    {
      "energy_eV": 54.468,
      "sigma_au": 0.3287279992764836,
      "sigma_cm2": 9.205321511995477e-18,
      "sigma_mtong_cm2": 6.990441476028152e-18,
      "sigma_scaled_cm2": 1.543876969202377e-19,
      "calibration_alpha": 0.01677157030518214,
      "partial_waves": {
        "L0": 8.511692366083372e-19,
        "L1": 2.64435566435842e-18,
        "L2": 2.7062408315869924e-18,
        "L3": 1.7251089873584788e-18,
        "L4": 8.340670595727554e-19,
        "L5": 3.415039302355973e-19,
        "L6": 6.99944026654313e-20,
        "L7": 2.4235361021819322e-20,
        "L8": 7.60743523120567e-21,
        "L9": 2.338523654643614e-21,
        "L10": 6.997827114272413e-22,
        "L11": 2.0828046056223284e-22,
        "L12": 6.081329634107778e-23,
        "L13": 1.792323437366352e-23,
        "L14": 5.084927657970574e-24,
        "L15": 1.4590182896660484e-24,
        "born_topup": 5.870897899953403e-25
      }
    },
    {
      "energy_eV": 69.374,
      "sigma_au": 0.2605876995371165,
      "sigma_cm2": 7.297198783158342e-18,
      "sigma_mtong_cm2": 5.5005214247306885e-18,
      "sigma_scaled_cm2": 1.223854824226297e-19,
      "calibration_alpha": 0.01677157030518214,
      "partial_waves": {
        "L0": 5.947812721552822e-19,
        "L1": 1.8154873888297515e-18,
        "L2": 2.004059663799151e-18,
        "L3": 1.4514848353143534e-18,
        "L4": 8.323264282451431e-19,
        "L5": 4.0882703864034944e-19,
        "L6": 1.1510634470260417e-19,
        "L7": 4.835602811370566e-20,
        "L8": 1.839114702121608e-20,
        "L9": 6.926000728811075e-21,
        "L10": 2.4932588179477574e-21,
        "L11": 9.038180893180888e-22,