{
  "Excitation_Z1.0_H_n1l0_to_n2l0": [
    {
      "energy_eV": 10.5,
      "sigma_au": 51238.41609581072,
      "sigma_cm2": 1.4348217826454054e-12,
      "sigma_mtong_cm2": 9.320655497862905e-11,
      "calibration_alpha": 298306.9419373997,
      "calibration_factor": 64.96037076241102,
      "theta_deg": [
        0.0,
        0.9045226130653267,
        1.8090452261306533,
        2.7135678391959797,
        3.6180904522613067,
        4.522613065326634,
        5.427135678391959,
        6.331658291457287,
        7.236180904522613,
        8.14070351758794,
        9.045226130653267,
        9.949748743718592,
        10.854271356783919,
        11.758793969849249,
        12.663316582914574,
        13.567839195979898,
        14.472361809045227,
        15.376884422110553,
        16.28140703517588,
        17.185929648241206,
        18.090452261306535,
        18.99497487437186,
        19.899497487437184,
        20.804020100502512,
        21.708542713567837,
        22.613065326633166,
        23.517587939698497,
        24.42211055276382,
        25.326633165829147,
        26.231155778894475,
        27.135678391959797,
        28.04020100502513,
        28.944723618090453,
        29.849246231155774,
        30.753768844221106,
        31.65829145728643,
        32.56281407035176,
        33.46733668341709,
        34.37185929648241,
        35.276381909547744,
        36.18090452261307,
        37.08542713567839,
        37.98994974874372,
        38.89447236180904,
        39.79899497487437,
        40.7035175879397,
        41.608040201005025,
        42.51256281407035,
        43.417085427135675,
        44.321608040201006,
        45.22613065326633,
        46.130653266331656,
        47.035175879396995,
        47.93969849246231,
        48.84422110552764,
        49.74874371859297,
        50.653266331658294,
        51.55778894472361,
        52.46231155778895,
        53.366834170854275,
        54.27135678391959,
        55.175879396984925,
        56.08040201005026,
        56.98492462311558,
        57.88944723618091,
        58.79396984924623,
        59.69849246231155,
        60.603015075376895,
        61.50753768844221,
        62.41206030150754,
        63.31658291457286,
        64.22110552763819,
        65.12562814070353,
        66.03015075376885,
        66.93467336683418,
        67.8391959798995,
        68.74371859296483,
        69.64824120603015,
        70.55276381909549,
        71.45728643216081,
        72.36180904522614,
        73.26633165829145,
        74.17085427135677,
        75.07537688442211,
        75.97989949748744,
        76.88442211055276,
        77.78894472361809,
        78.69346733668341,
        79.59798994974874,
        80.50251256281408,
        81.4070351758794,
        82.31155778894474,
        83.21608040201005,
        84.12060301507537,
        85.0251256281407,
        85.92964824120604,
        86.83417085427135,
        87.73869346733669,
        88.64321608040201,
        89.54773869346734,
        90.45226130653266,
        91.356783919598,
        92.26130653266331,
        93.16582914572865,
        94.07035175879399,
        94.9748743718593,
        95.87939698492463,
        96.78391959798995,
        97.68844221105527,
        98.5929648241206,
        99.49748743718594,
        100.40201005025126,
        101.30653266331659,
        102.21105527638191,
        103.11557788944722,
        104.02010050251256,
        104.9246231155779,
        105.82914572864321,
        106.73366834170855,
        107.63819095477386,
        108.54271356783919,
        109.44723618090453,
        110.35175879396985,
        111.25628140703517,
        112.16080402010051,
        113.06532663316582,
        113.96984924623116,
        114.87437185929647,
        115.77889447236181,
        116.68341708542715,
        117.58793969849246,
        118.4924623115578,
        119.3969849246231,
        120.30150753768845,
        121.20603015075379,
        122.11055276381909,
        123.01507537688443,
        123.91959798994974,
        124.82412060301507,
        125.72864321608041,
        126.63316582914572,
        127.53768844221106,
        128.44221105527637,
        129.34673366834173,
        130.25125628140705,
        131.15577889447238,
        132.0603015075377,
        132.964824120603,
        133.86934673366835,
        134.77386934673365,
        135.678391959799,
        136.58291457286433,
        137.48743718592965,
        138.39195979899498,
        139.2964824120603,
        140.20100502512562,
        141.10552763819098,
        142.01005025125627,
        142.91457286432163,
        143.81909547738692,
        144.72361809045228,
        145.6281407035176,
        146.5326633165829,
        147.43718592964825,
        148.34170854271355,
        149.2462311557789,
        150.15075376884423,
        151.05527638190955,
        151.95979899497488,
        152.8643216080402,
        153.76884422110552,
        154.67336683417088,
        155.57788944723617,
        156.48241206030153,
        157.38693467336682,
        158.29145728643218,
        159.19597989949747,
        160.1005025125628,
        161.00502512562815,
        161.90954773869345,
        162.8140703517588,
        163.71859296482413,
        164.62311557788948,
        165.52763819095478,
        166.4321608040201,
        167.33668341708542,
        168.24120603015075,
        169.1457286432161,
        170.0502512562814,
        170.95477386934672,
        171.85929648241208,
        172.7638190954774,
        173.6683417085427,
        174.57286432160805,
        175.47738693467338,
        176.3819095477387,
        177.28643216080403,
        178.19095477386932,
        179.09547738693468,
        180.0
      ],