{
  "Excitation_Z2.0_He+_n1l0_to_n2l1": [
    {
      "energy_eV": 41.313,
      "sigma_au": 0.3175567317043877,
      "sigma_cm2": 8.892494159521677e-18,
      "sigma_mtong_cm2": 5.60036199229636e-20,
      "sigma_scaled_cm2": 5.60036199229636e-20,
      "calibration_alpha": 0.07974247707240587,
      "calibration_factor": 0.00629785287663051,
      "partial_waves": {
        "L0": 4.0176802547271684e-19,
        "L1": 1.101264139317821e-18,
        "L2": 4.426501642548286e-18,
        "L3": 1.8902181102536097e-18,
        "L4": 1.4979234873957146e-19,
        "L5": 2.1365735425281797e-21,
        "L6": 5.807841533571149e-23,
        "L7": 8.20820879400894e-23,
        "L8": 7.276723269972984e-23,
        "L9": 3.624455641152131e-24,
        "born_topup": 1.622857943604435e-24
      }
    },
    {
      "energy_eV": 42.812,
      "sigma_au": 0.2171116495965021,
      "sigma_cm2": 6.0797453911267075e-18,
      "sigma_mtong_cm2": 2.1744571515737935e-19,
      "sigma_scaled_cm2": 2.1744571515737935e-19,
      "calibration_alpha": 0.07974247707240587,
      "calibration_factor": 0.03576559562424077,
      "partial_waves": {
        "L0": 2.704496506294763e-19,
        "L1": 7.407063859618246e-19,
        "L2": 2.9528598566469677e-18,
        "L3": 1.2756209355532868e-18,
        "L4": 1.9759323404604644e-19,
        "L5": 5.816857921203978e-21,
        "L6": 1.6960559264617615e-22,
        "L7": 4.222164660316546e-22,
        "L8": 1.9974885992297963e-22,
        "L9": 8.825311627010884e-23,
        "L10": 1.4428198751136778e-22,
        "L11": 1.5860540714639516e-22,
        "L12_excluded": 3.5790515653674955e-22,
        "born_topup": 6.98556938248181e-23
      }
    },
    {
      "energy_eV": 54.468,
      "sigma_au": 0.14368184144362156,
      "sigma_cm2": 4.023501341033201e-18,
      "sigma_mtong_cm2": 1.0621471180380013e-18,
      "sigma_scaled_cm2": 1.0621471180380013e-18,
      "calibration_alpha": 0.07974247707240587,
      "calibration_factor": 0.2639857745804183,
      "partial_waves": {
        "L0": 1.4610286840621982e-19,
        "L1": 3.537923659889246e-19,
        "L2": 1.4834266380888337e-18,
        "L3": 9.716869541264717e-19,
        "L4": 4.350833927081373e-19,
        "L5": 1.217817842471743e-19,
        "L6": 1.3893303618044434e-20,
        "L7": 1.8487400397303636e-21,
        "L8": 8.52319349231681e-24,
        "L9": 5.798863227797311e-22,
        "L10": 2.031350296302798e-21,
        "L11_excluded": 5.561997269980224e-21,
        "born_topup": 3.947623208426732e-26
      }
    },
    {
      "energy_eV": 69.374,
      "sigma_au": 0.10729901953261288,
      "sigma_cm2": 3.0046785637168677e-18,
      "sigma_mtong_cm2": 1.4468899479171428e-18,
      "sigma_scaled_cm2": 1.4468899479171428e-18,
      "calibration_alpha": 0.07974247707240587,
      "calibration_factor": 0.4815456686079929,
      "partial_waves": {
        "L0": 8.674487721621279e-20,
        "L1": 1.8632186654042813e-19,
        "L2": 8.032583849628354e-19,
        "L3": 7.406152670289893e-19,
        "L4": 4.726794631368628e-19,
        "L5": 2.388370195004963e-19,
        "L6": 7.15399935922775e-20,
        "L7": 9.216657354591063e-21,
        "L8": 4.097125831071254e-21,
        "L9": 6.538166363351667e-21,
        "L10": 7.452518550336611e-21,
        "L11": 7.423227596880196e-21,
        "L12": 6.319890342113204e-21,
        "L13": 5.160307798481317e-21,
        "L14": 3.982835594203134e-21,
        "L15": 2.9071606588645603e-21,
        "L16": 2.177654559330995e-21,
        "L17": 1.7193115226023964e-21,
        "L18": 1.0461728554013197e-21,
        "L19": 9.190511806008988e-22,
        "L20": 6.382950082869828e-22,
        "L21": 7.329345794885631e-22,
        "L22": 6.391139063952118e-22,
        "L23_excluded": 8.718687029945242e-22,
        "born_topup": 1.4511542675846812e-21
      }
    },
    {
      "energy_eV": 88.436,
      "sigma_au": 0.08985943516546038,
      "sigma_cm2": 2.5163204637419824e-18,
      "sigma_mtong_cm2": 1.538953224312896e-18,
      "sigma_scaled_cm2": 1.5389532243128958e-18,
      "calibration_alpha": 0.07974247707240587,
      "calibration_factor": 0.6115887250800884,
      "partial_waves": {
        "L0": 5.2625765567476037e-20,
        "L1": 1.0252217887628155e-19,
        "L2": 4.381708551328959e-19,
        "L3": 5.1983192136259075e-19,
        "L4": 4.3098948863320724e-19,
        "L5": 2.978060833210912e-19,
        "L6": 1.3449653198173385e-19,
        "L7": 6.85470052691757e-20,
        "L8": 3.079438436939885e-20,
        "L9": 1.4135221553739686e-20,
        "L10": 6.534673552013435e-21,
        "L11": 3.741944778197181e-21,
        "L12": 2.4750615627606955e-21,
        "L13": 2.119926995898995e-21,
        "L14": 1.9802427429686613e-21,
        "L15": 1.8617576441617936e-21,
        "L16": 1.8689672180028637e-21,
        "L17": 1.8126899295407064e-21,
        "L18": 1.7046294503540465e-21,
        "L19": 1.6026785234925927e-21,
        "L20": 1.7842655286846213e-21,
        "L21": 1.5972099286043308e-21,
        "L22": 1.5991942136353223e-21,
        "L23": 1.4563820549651923e-21,
        "L24": 1.7231012928338685e-21,
        "L25": 1.5830547241179063e-21,
        "L26": 1.8915208980586466e-21,
        "L27": 1.9365940326652476e-21,
        "L28_excluded": 2.793243359495352e-21,
        "born_topup": 2.519426285505934e-20
      }
    },
    {
      "energy_eV": 112.811,
      "sigma_au": 0.07510061807286743,
      "sigma_cm2": 2.1030314930030317e-18,
      "sigma_mtong_cm2": 1.4842418303795645e-18,
      "sigma_scaled_cm2": 1.4842418303795645e-18,
      "calibration_alpha": 0.07974247707240587,
      "calibration_factor": 0.7057630070295028,
      "partial_waves": {
        "L0": 3.191369031445262e-20,
        "L1": 5.773798054472467e-20,
        "L2": 2.3921510675058915e-19,
        "L3": 3.454898045543351e-19,
        "L4": 3.436791500677193e-19,
        "L5": 2.7769098000018905e-19,
        "L6": 1.5969320176129054e-19,
        "L7": 1.261557248961429e-19,
        "L8": 7.703870209769206e-20,
        "L9": 4.6816677040086186e-20,
        "L10": 2.7149036435075524e-20,
        "L11": 1.646885583424906e-20,
        "L12": 9.639067796067859e-21,
        "L13": 6.358529415000867e-21,
        "L14": 3.772248848081424e-21,
        "L15": 2.4724627811100922e-21,
        "L16": 1.4800576141358594e-21,
        "L17": 1.2460869061186417e-21,
        "L18": 9.546804336100705e-22,
        "L19": 9.4590080339386e-22,
        "L20": 7.419925361580974e-22,
        "L21": 7.822085346581513e-22,
        "L22": 7.745389786166465e-22,
        "L23": 7.667764377220762e-22,
        "L24_excluded": 9.406625342698908e-22,
        "born_topup": 2.7000029531797533e-21
      }
    },
    {
      "energy_eV": 143.982,
      "sigma_au": 0.062244791535271876,
      "sigma_cm2": 1.743031685133071e-18,
      "sigma_mtong_cm2": 1.364977569300601e-18,
      "sigma_scaled_cm2": 1.364977569300601e-18,
      "calibration_alpha": 0.07974247707240587,
      "calibration_factor": 0.7831054254165164,
      "partial_waves": {
        "L0": 1.928127382346042e-20,
        "L1": 3.269564652969574e-20,
        "L2": 1.3114403863020599e-19,
        "L3": 2.192554656670758e-19,
        "L4": 2.4963468766778463e-19,
        "L5": 2.3078362149227313e-19,
        "L6": 1.5929665584774296e-19,
        "L7": 1.5165799392838459e-19,
        "L8": 1.0651461953943061e-19,
        "L9": 7.732185330725886e-20,
        "L10": 5.247894366181445e-20,
        "L11": 3.7491865242431377e-20,
        "L12": 2.4930172694743303e-20,
        "L13": 1.852177850926697e-20,
        "L14": 1.2242971348997709e-20,
        "L15": 9.050969698378352e-21,
        "L16": 5.906325583056616e-21,
        "L17": 4.7105895869804325e-21,
        "L18": 3.143456837874472e-21,
        "L19": 2.640711094814363e-21,
        "L20": 1.6660254746043871e-21,
        "L21": 1.4013388339611837e-21,
        "L22": 9.714645997505992e-22,
        "L23": 8.411000177298142e-22,