{
  "Excitation_Z1.0_H_n1l0_to_n2l1": [
    {
      "energy_eV": 10.5,
      "sigma_au": 7.598621867335762,
      "sigma_cm2": 2.1278308355496698e-16,
      "sigma_mtong_cm2": 1.491623797862248e-20,
      "sigma_scaled_cm2": 1.491623797862248e-20,
      "calibration_alpha": 0.0005676702427203735,
      "calibration_factor": 7.010067590626516e-05,
      "partial_waves": {
        "L0": 7.457540275395346e-18,
        "L1": 2.217828180067718e-17,
        "L2": 6.097132695864851e-17,
        "L3": 8.559292104415732e-17,
        "L4": 8.678914455277327e-21,
        "L5": 1.4116627423279063e-21,
        "L6": 4.4034495476770315e-21,
        "L7": 6.723229889268521e-21,
        "L8": 6.601336965708036e-21,
        "L9": 3.43692744833134e-21,
        "L10": 2.610499548529475e-21,
        "L11_excluded": 1.2348200952994166e-20
      }
    },
    {
      "energy_eV": 10.85,
      "sigma_au": 5.632494702125929,
      "sigma_cm2": 1.5772591553441648e-16,
      "sigma_mtong_cm2": 3.1574071794215097e-20,
      "sigma_scaled_cm2": 3.1574071794215097e-20,
      "calibration_alpha": 0.0005676702427203735,
      "calibration_factor": 0.00020018315751874966,
      "partial_waves": {
        "L0": 6.76355822079301e-18,
        "L1": 1.8814127464666344e-17,
        "L2": 5.567512747115185e-17,
        "L3": 5.2616961320364923e-17,
        "L4": 1.0209984703138804e-19,
        "L5": 3.117816338304128e-21,
        "L6": 4.387164572828491e-21,
        "L7": 5.622300533170534e-21,
        "L8": 3.526101669062966e-21,
        "L9": 1.8759589356972736e-20,
        "L10": 1.2077113954781716e-20,
        "L11": 4.091260785335554e-21,
        "L12_excluded": 1.492228691249924e-20
      }
    },
    {
      "energy_eV": 11.444,
      "sigma_au": 3.9178187278139545,
      "sigma_cm2": 1.0971009799780245e-16,
      "sigma_mtong_cm2": 5.700531016761235e-20,
      "sigma_scaled_cm2": 5.700531016761235e-20,
      "calibration_alpha": 0.0005676702427203735,
      "calibration_factor": 0.0005195994827090045,
      "partial_waves": {
        "L0": 5.643038529178768e-18,
        "L1": 1.519778740981054e-17,
        "L2": 4.6879667627798186e-17,
        "L3": 2.753069452792345e-17,
        "L4": 7.195902400579933e-19,
        "L5": 2.4992440866501248e-20,
        "L6": 9.216319716481528e-21,
        "L7": 7.486041269143105e-21,
        "L8": 1.584477051525683e-20,
        "L9": 1.2571468689205566e-20,
        "L10": 1.2965800033604233e-20,
        "L11": 1.2111671198614491e-20,
        "L12_excluded": 1.950424526940191e-20
      }
    },
    {
      "energy_eV": 12.454,
      "sigma_au": 3.13316613223893,
      "sigma_cm2": 8.773758749249919e-17,
      "sigma_mtong_cm2": 9.190181319868295e-20,
      "sigma_scaled_cm2": 9.190181319868295e-20,
      "calibration_alpha": 0.0005676702427203735,
      "calibration_factor": 0.0010474622772883944,
      "partial_waves": {
        "L0": 4.493326666629222e-18,
        "L1": 1.1662956909687023e-17,
        "L2": 3.776453433643603e-17,
        "L3": 2.049744774512452e-17,
        "L4": 2.97853774702787e-18,
        "L5": 1.934013794827728e-19,
        "L6": 1.7864319798008028e-20,
        "L7": 9.3532623133207e-21,
        "L8": 3.3758200045947396e-20,
        "L9": 2.4919511916271688e-20,
        "L10": 4.792181953615462e-21,
        "L11_excluded": 1.0140967726896296e-20
      }
    },
    {
      "energy_eV": 14.17,
      "sigma_au": 2.489099552121457,
      "sigma_cm2": 6.970188637132344e-17,
      "sigma_mtong_cm2": 1.3131516480068793e-19,
      "sigma_scaled_cm2": 1.3131516480068793e-19,
      "calibration_alpha": 0.0005676702427203735,
      "calibration_factor": 0.0018839542462471038,
      "partial_waves": {
        "L0": 3.286541840874365e-18,
        "L1": 7.850331904163008e-18,
        "L2": 2.7558492827787907e-17,
        "L3": 1.6389135266252664e-17,
        "L4": 5.82873172036738e-18,
        "L5": 9.114769455870768e-19,
        "L6": 1.44548837908077e-19,
        "L7": 1.20909244698832e-19,
        "L8": 8.587545634948783e-20,
        "L9": 4.543338253374214e-20,
        "L10": 1.7370011617778025e-20,
        "L11": 2.1540673089693592e-21,
        "L12_excluded": 4.057477216041255e-21
      }
    },
    {
      "energy_eV": 17.086,
      "sigma_au": 1.8630695667271444,
      "sigma_cm2": 5.217126134276435e-17,
      "sigma_mtong_cm2": 1.6317736221535484e-19,
      "sigma_scaled_cm2": 1.6317736221535484e-19,
      "calibration_alpha": 0.0005676702427203735,
      "calibration_factor": 0.0031277250734514967,
      "partial_waves": {
        "L0": 2.113948661256718e-18,
        "L1": 4.49630282775163e-18,
        "L2": 1.7080398465256417e-17,
        "L3": 1.2660565883738136e-17,
        "L4": 7.233268749920765e-18,
        "L5": 2.6003227907918653e-18,
        "L6": 7.126532036243027e-19,
        "L7": 3.0899498379582887e-20,
        "L8": 2.2932359554535566e-20,
        "L9": 3.5201109635798173e-20,
        "L10": 4.430058333537803e-20,
        "L11": 4.69993479024849e-20,
        "L12": 4.948195455320055e-20,
        "L13": 4.5506802377620983e-20,
        "L14": 5.038585378101242e-20,
        "L15": 5.705366652353012e-20,
        "L16": 6.575236598765404e-20,
        "L17_excluded": 1.0691432803211844e-19
      }
    },
    {
      "energy_eV": 22.042,
      "sigma_au": 1.3540216426006848,
      "sigma_cm2": 3.791646766254387e-17,
      "sigma_mtong_cm2": 1.7520507794496172e-19,
      "sigma_scaled_cm2": 1.7520507794496172e-19,
      "calibration_alpha": 0.0005676702427203735,
      "calibration_factor": 0.004620817516660173,
      "partial_waves": {
        "L0": 1.1710156566735754e-18,
        "L1": 2.2000047703951095e-18,
        "L2": 8.562474083753283e-18,
        "L3": 8.703723271929849e-18,
        "L4": 6.831957243351031e-18,
        "L5": 4.070685387830551e-18,
        "L6": 1.800827717216493e-18,
        "L7": 5.414564851581186e-19,
        "L8": 2.446879174412697e-19,
        "L9": 1.1932571560043215e-19,
        "L10": 5.992188178473693e-20,
        "L11": 3.688735412384874e-20,
        "L12": 2.7223999421413205e-20,
        "L13": 2.5317081528026467e-20,
        "L14": 2.782416354940248e-20,
        "L15": 3.131927497291916e-20,
        "L16_excluded": 4.128447606012264e-20
      }
    },
    {
      "energy_eV": 30.463,
      "sigma_au": 0.9981638437756876,
      "sigma_cm2": 2.79514343890017e-17,
      "sigma_mtong_cm2": 1.652054911339573e-19,
      "sigma_scaled_cm2": 1.652054911339573e-19,
      "calibration_alpha": 0.0005676702427203735,
      "calibration_factor": 0.0059104477013516765,
      "partial_waves": {
        "L0": 5.607416008148422e-19,
        "L1": 9.316487736720785e-19,
        "L2": 3.508957788070537e-18,
        "L3": 4.9419924849042385e-18,
        "L4": 5.036440373779288e-18,
        "L5": 4.0653189184418e-18,
        "L6": 2.5315848161789317e-18,
        "L7": 1.5186535098352264e-18,
        "L8": 9.535542343702427e-19,
        "L9": 6.2122529071072915e-19,
        "L10": 3.96606183079936e-19,
        "L11": 2.639867926370944e-19,
        "L12": 1.68643787439816e-19,
        "L13": 1.2116131026749308e-19,
        "L14": 8.410134551248074e-20,
        "L15": 6.271765651669317e-20,
        "L16": 4.891232511699297e-20,
        "L17": 3.861149115714116e-20,
        "L18": 3.60824600776738e-20,
        "L19": 3.793921020703274e-20,
        "L20": 3.765514972809475e-20,
        "L21_excluded": 5.222119483979474e-20
      }
    },
    {
      "energy_eV": 44.774,
      "sigma_au": 0.7286893267705703,
      "sigma_cm2": 2.040537937153592e-17,
      "sigma_mtong_cm2": 1.4102579310540535e-19,
      "sigma_scaled_cm2": 1.4102579310540535e-19,
      "calibration_alpha": 0.0005676702427203735,
      "calibration_factor": 0.006911206625353238,
      "partial_waves": {
        "L0": 2.3095536273442345e-19,
        "L1": 3.3208904724945757e-19,
        "L2": 1.2332837953311817e-18,
        "L3": 2.2439907164030805e-18,
        "L4": 2.8428643676832785e-18,
        "L5": 2.8227285592697213e-18,