{
  "Excitation_Z1.0_H_n1l0_to_n2l0": [
    {
      "energy_eV": 10.561,
      "sigma_au": 1.3319768530207248,
      "sigma_cm2": 3.7299150682565105e-17,
      "sigma_mtong_cm2": 6.1837462665434584e-18,
      "sigma_scaled_cm2": 6.259718592064956e-19,
      "calibration_alpha": 0.016782469513416994,
      "partial_waves": {
        "L0": 8.189265423997645e-18,
        "L1": 2.2262081082946933e-17,
        "L2": 6.845438845635363e-18,
        "L3": 2.5785995444439664e-21,
        "L4": 2.9560692928996204e-24,
        "L5": 7.326082284568562e-27,
        "L6": 2.1990088867598992e-51,
        "L7": 5.141920283829648e-50,
        "L8": 1.1792726962468562e-52,
        "L9": 5.459419126551783e-51,
        "L10": 1.5809222524127548e-48,
        "L11": 4.366009913652776e-49,
        "L12": 1.8742580335224587e-50,
        "L13": 1.88174299108144e-48,
        "L14": 1.2030714863692616e-47
      }
    },
    {
      "energy_eV": 13.227,
      "sigma_au": 1.0620335861999377,
      "sigma_cm2": 2.97399693333861e-17,
      "sigma_mtong_cm2": 2.276773081609702e-17,
      "sigma_scaled_cm2": 4.991101286675085e-19,
      "calibration_alpha": 0.016782469513416994,
      "partial_waves": {
        "L0": 4.86489854157388e-18,
        "L1": 1.7280063425306335e-17,
        "L2": 6.879193951412733e-18,
        "L3": 7.016397694452021e-19,
        "L4": 1.4450878348052996e-20,
        "L5": 2.9030181838982973e-22,
        "L6": 3.4407910392476e-29,
        "L7": 1.2764660065300153e-31,
        "L8": 1.9913227996415485e-34,
        "L9": 3.127566316891949e-37,
        "L10": 1.3360200877597205e-38,
        "L11": 1.7346046130547829e-40,
        "L12": 1.1383612105184154e-42,
        "L13": 3.029901757809007e-45,
        "L14": 5.068715880438314e-48
      }
    },
    {
      "energy_eV": 16.636,
      "sigma_au": 0.9349321215845868,
      "sigma_cm2": 2.618076583077919e-17,
      "sigma_mtong_cm2": 2.2588601514511782e-17,
      "sigma_scaled_cm2": 4.393779043929611e-19,
      "calibration_alpha": 0.016782469513416994,
      "partial_waves": {
        "L0": 3.8203192197071294e-18,
        "L1": 1.440592525175518e-17,
        "L2": 6.724169715899734e-18,
        "L3": 1.1242554578504558e-18,
        "L4": 1.0096517541161034e-19,
        "L5": 6.142397592808222e-21,
        "L6": 4.793868688195831e-25,
        "L7": 8.935942735947125e-27,
        "L8": 7.38003803960123e-29,
        "L9": 1.1984168782786772e-30,
        "L10": 9.858917903472604e-32,
        "L11": 6.1014871128000366e-33,
        "L12": 3.3875037100004298e-34,
        "L13": 1.449782463562024e-35,
        "L14": 6.485176276198924e-37,
        "born_topup": 3.0367953652177634e-38
      }
    },
    {
      "energy_eV": 20.995,
      "sigma_au": 0.7888061605699634,
      "sigma_cm2": 2.2088822171128922e-17,
      "sigma_mtong_cm2": 1.8751380179714043e-17,
      "sigma_scaled_cm2": 3.707049846742605e-19,
      "calibration_alpha": 0.016782469513416994,
      "partial_waves": {
        "L0": 2.9930524459047335e-18,
        "L1": 1.0955976683343583e-17,
        "L2": 6.367268331856605e-18,
        "L3": 1.5011457046499102e-18,
        "L4": 2.425919562733807e-19,
        "L5": 3.0043928393321626e-20,
        "L6": 1.4011921276778724e-22,
        "L7": 1.0250531022284929e-23,
        "L8": 5.702969768062428e-25,
        "L9": 3.4091473702944557e-26,
        "L10": 2.377400702866884e-27,
        "L11": 1.1317665659419942e-28,
        "L12": 6.065491768881102e-30,
        "L13": 3.8669663044775513e-31,
        "L14": 1.9692229829015287e-32,
        "born_topup": 1.0566192530252688e-33
      }
    },
    {
      "energy_eV": 26.569,
      "sigma_au": 0.6500660354511035,
      "sigma_cm2": 1.8203702980964005e-17,
      "sigma_mtong_cm2": 1.4787986840834398e-17,
      "sigma_scaled_cm2": 3.0550309030932646e-19,
      "calibration_alpha": 0.016782469513416994,
      "partial_waves": {
        "L0": 2.2876656319684696e-18,
        "L1": 7.924074060939386e-18,
        "L2": 5.709272482564146e-18,
        "L3": 1.785940278901419e-18,
        "L4": 4.1590830416534805e-19,
        "L5": 7.994712604249889e-20,
        "L6": 2.296189727088197e-21,
        "L7": 2.8561985419413616e-22,
        "L8": 3.3604374340977426e-23,
        "L9": 4.139296044525887e-24,
        "L10": 4.712377001805881e-25,
        "L11": 5.0906100383954483e-26,
        "L12": 6.496421659103052e-27,
        "L13": 7.033554231200691e-28,
        "L14": 7.533896280951926e-29,
        "born_topup": 9.037914889057849e-30
      }
    }
  ]
}