{
  "Excitation_Z2.0_He+_n1l0_to_n2l0": [
    {
      "energy_eV": 41.314,
      "sigma_au": 0.05024766498649534,
      "sigma_cm2": 1.407077925962411e-18,
      "sigma_mtong_cm2": 7.404148465619382e-20,
      "sigma_scaled_cm2": 7.404148465619382e-20,
      "calibration_alpha": 0.00840225211608973,
      "calibration_factor": 0.05262074209966093,
      "partial_waves": {
        "L0": 3.0782144319834695e-19,
        "L1": 8.541205034810428e-19,
        "L2": 2.321047871560314e-19,
        "L3": 1.3024225859151626e-20,
        "L4": 2.385713464493159e-23,
        "L5": 5.426929461241869e-26,
        "L6": 4.380047756960393e-53,
        "born_topup": 1.237311682599593e-28
      }
    },
    {
      "energy_eV": 42.812,
      "sigma_au": 0.03562865984532001,
      "sigma_cm2": 9.977040886068391e-19,
      "sigma_mtong_cm2": 2.571333571975675e-19,
      "sigma_scaled_cm2": 2.5713335719756756e-19,
      "calibration_alpha": 0.00840225211608973,
      "calibration_factor": 0.25772507112466586,
      "partial_waves": {
        "L0": 2.1430245555550307e-19,
        "L1": 6.010340949290374e-19,
        "L2": 1.689349483339745e-19,
        "L3": 1.3375266930385822e-20,
        "L4": 7.138721579774824e-23,
        "L5": 3.7317227908951057e-25,
        "L6": 2.067582367105506e-51,
        "born_topup": 1.9609860667104536e-27
      }
    },
    {
      "energy_eV": 54.468,
      "sigma_au": 0.02766922714734439,
      "sigma_cm2": 7.748172727614671e-19,
      "sigma_mtong_cm2": 7.275203411746302e-19,
      "sigma_scaled_cm2": 7.275203411746302e-19,
      "calibration_alpha": 0.00840225211608973,
      "calibration_factor": 0.9389573087106466,
      "partial_waves": {
        "L0": 1.428160396102418e-19,
        "L1": 4.3024017500979158e-19,
        "L2": 1.740100382897987e-19,
        "L3": 2.586950570736262e-20,
        "L4": 1.8276599172028236e-21,
        "L5": 7.962638477923913e-23,
        "L6": 5.9365060088428806e-30,
        "born_topup": 4.42593322781046e-37
      }
    },
    {
      "energy_eV": 69.374,
      "sigma_au": 0.022835450997476196,
      "sigma_cm2": 6.394577546355782e-19,
      "sigma_mtong_cm2": 6.887874312043306e-19,
      "sigma_scaled_cm2": 6.887874312043306e-19,
      "calibration_alpha": 0.00840225211608973,
      "calibration_factor": 1.0771429796748104,
      "partial_waves": {
        "L0": 1.0537795357693375e-19,
        "L1": 3.2289485882955186e-19,
        "L2": 1.6709452245437415e-19,
        "L3": 3.837110686957078e-20,
        "L4": 5.218496269520572e-21,
        "L5": 5.368164101722995e-22,
        "L6": 1.4669166678406695e-27,
        "born_topup": 4.0085406291755616e-33
      }
    },
    {
      "energy_eV": 88.436,
      "sigma_au": 0.01863792282703093,
      "sigma_cm2": 5.219149945127688e-19,
      "sigma_mtong_cm2": 5.584209413919522e-19,
      "sigma_scaled_cm2": 5.584209413919522e-19,
      "calibration_alpha": 0.00840225211608973,
      "calibration_factor": 1.0699461545711355,
      "partial_waves": {
        "L0": 7.733665926573645e-20,
        "L1": 2.346448411482617e-19,
        "L2": 1.5114664614892505e-19,
        "L3": 4.7368753129797223e-20,
        "L4": 9.841942312204242e-21,
        "L5": 1.60958727916375e-21,
        "L6": 9.490998266013447e-24,
        "L7": 7.462105863776043e-25,
        "L8": 5.874537893189375e-26,
        "born_topup": 5.0199188387643825e-27
      }
    },
    {
      "energy_eV": 112.811,
      "sigma_au": 0.015107321726145161,
      "sigma_cm2": 4.2304809441362746e-19,
      "sigma_mtong_cm2": 4.347268780691744e-19,
      "sigma_scaled_cm2": 4.347268780691744e-19,
      "calibration_alpha": 0.00840225211608973,
      "calibration_factor": 1.0276062788362976,
      "partial_waves": {
        "L0": 5.596410634989353e-20,
        "L1": 1.68591544700397e-19,
        "L2": 1.2844877073888288e-19,
        "L3": 5.187566635105351e-20,
        "L4": 1.4671904108978666e-20,
        "L5": 3.392982084236773e-21,
        "L6": 1.306777366556409e-22,
        "L7": 1.900386234813519e-23,
        "L8": 2.7132849436544845e-24,
        "L9": 3.5486538853931964e-25,
        "born_topup": 5.33956919200549e-26
      }
    },
    {
      "energy_eV": 143.982,
      "sigma_au": 0.012147707960104087,
      "sigma_cm2": 3.4017046814601667e-19,
      "sigma_mtong_cm2": 3.3579029843911774e-19,
      "sigma_scaled_cm2": 3.3579029843911774e-19,
      "calibration_alpha": 0.00840225211608973,
      "calibration_factor": 0.9871236038484718,
      "partial_waves": {
        "L0": 3.993171611171318e-20,
        "L1": 1.1971775446230272e-19,
        "L2": 1.0363899905454972e-19,
        "L3": 5.174718642405058e-20,
        "L4": 1.8758928781192014e-20,
        "L5": 5.6756678347284374e-21,
        "L6": 5.941286558698021e-22,
        "L7": 1.2811134188074705e-22,
        "L8": 2.6376154822506396e-23,
        "L9": 5.185502756364069e-24,
        "L10": 9.554948843678727e-25,
        "L11": 1.797756212474986e-25,
        "born_topup": 4.166362179136558e-26
      }
    },
    {
      "energy_eV": 183.843,
      "sigma_au": 0.009698850293657935,
      "sigma_cm2": 2.7159546934345967e-19,
      "sigma_mtong_cm2": 2.602401944276332e-19,
      "sigma_scaled_cm2": 2.602401944276332e-19,
      "calibration_alpha": 0.00840225211608973,
      "calibration_factor": 0.9581904847555958,
      "partial_waves": {
        "L0": 2.8074185137660034e-20,
        "L1": 8.379514882363103e-20,
        "L2": 8.048665251143633e-20,
        "L3": 4.768508830042157e-20,
        "L4": 2.140119760305524e-20,
        "L5": 8.010309890746748e-21,
        "L6": 1.5847445450976257e-21,
        "L7": 4.495936129967064e-22,
        "L8": 1.2520661553399e-22,
        "L9": 3.2029698842081045e-23,
        "L10": 8.147205037263897e-24,
        "L11": 1.9767132584554895e-24,
        "L12": 4.698674965270354e-25,
        "L13": 1.0559602347665537e-25,
        "born_topup": 3.0610467739097965e-26
      }
    },
    {
      "energy_eV": 234.816,
      "sigma_au": 0.007698290731965449,
      "sigma_cm2": 2.1557409602020015e-19,
      "sigma_mtong_cm2": 2.0309492062309963e-19,
      "sigma_scaled_cm2": 2.0309492062309963e-19,
      "calibration_alpha": 0.00840225211608973,
      "calibration_factor": 0.9421118973592673,
      "partial_waves": {
        "L0": 1.945117128571623e-20,
        "L1": 5.76982722139926e-20,
        "L2": 6.059716647158922e-20,
        "L3": 4.129142714897125e-20,
        "L4": 2.2123912646893142e-20,
        "L5": 9.961375822817429e-21,
        "L6": 2.942892276034799e-21,
        "L7": 1.0398740326983902e-21,
        "L8": 3.626901232093025e-22,
        "L9": 1.1544522390535723e-22,
        "L10": 3.7193299165566065e-23,
        "L11": 1.1134056441515697e-23,
        "L12": 3.515322302216131e-24,
        "L13": 9.835689088982843e-25,
        "L14": 3.0907372672013317e-25,
        "L15": 8.32851116435199e-26,
        "born_topup": 3.07208130007793e-26
      }
    },
    {
      "energy_eV": 300.0,
      "sigma_au": 0.006089776204652774,
      "sigma_cm2": 1.7053110177201332e-19,
      "sigma_mtong_cm2": 1.5969878949374998e-19,
      "sigma_scaled_cm2": 1.5969878949374998e-19,
      "calibration_alpha": 0.00840225211608973,
      "calibration_factor": 0.9364789638622912,
      "partial_waves": {
        "L0": 1.3278670392038078e-20,
        "L1": 3.9087500989241937e-20,
        "L2": 4.441279705533371e-20,
        "L3": 3.402126872022995e-20,
        "L4": 2.102452501391143e-20,
        "L5": 1.1170821603871836e-20,
        "L6": 4.4259274983668436e-21,
        "L7": 1.901546499898136e-21,
        "L8": 7.840783831078271e-22,
        "L9": 3.0709202754638744e-22,
        "L10": 1.1651247248707027e-22,
        "L11": 4.325387492495685e-23,
        "L12": 1.5835707988646418e-23,
        "L13": 5.586663218412196e-24,
        "L14": 1.922575418341905e-24,
        "L15": 6.556313525941717e-25,
        "L16": 1.721492018700209e-25,
        "L17": 5.787791677787205e-26,
        "born_topup": 2.9314917110146676e-26
      }
    }
  ]
}