{
  "Ionization_Z1.0_H_n1l0": [
    {
      "energy_eV": 14.598,
      "sigma_au": 0.1254800405576728,
      "sigma_cm2": 3.5137990046905094e-18,
      "IP_eV": 13.600341747742018,
      "sdcs": [
        [
          0.1,
          5.596960122491389e-17
        ],
        [
          0.14964873783869742,
          7.810551170080087e-18
        ],
        [
          0.19953165045159657,
          4.9945832056445034e-18
        ],
        [
          0.24941456306449572,
          4.5099343237583506e-18
        ],
        [
          0.29929747567739484,
          4.884437248635518e-18
        ],
        [
          0.349180388290294,
          5.1848946616349606e-18
        ],
        [
          0.39906330090319314,
          5.719186192164616e-18
        ],
        [
          0.44894621351609226,
          6.088575158361364e-18
        ],
        [
          0.49882912612899144,
          6.827360053690905e-18
        ]
      ],
      "partial_waves": {}
    }
  ]
}