{
  "Excitation_Z1.0_H_n1l0_to_n2l1": [
    {
      "energy_eV": 10.5,
      "sigma_au": 7.603945811934649,
      "sigma_cm2": 2.129321691876258e-16,
      "sigma_mtong_cm2": 1.4746163457287163e-18,
      "sigma_scaled_cm2": 1.4746163457287163e-18,
      "calibration_alpha": 0.056119768275281756,
      "calibration_factor": 0.006925286824225013,
      "partial_waves": {
        "L0": 7.457540275395346e-18,
        "L1": 2.217828180067718e-17,
        "L2": 6.097132695864851e-17,
        "L3": 8.559292104415732e-17,
        "L4": 8.678914455277327e-21,
        "L5": 1.4116627423279063e-21,
        "L6": 4.4034495476770315e-21,
        "L7": 6.723229889268521e-21,
        "L8": 6.601336965708036e-21,
        "L9": 3.43692744833134e-21,
        "L10": 2.610499548529475e-21,
        "L11": 1.2348200952994166e-20,
        "L12": 5.1493785033765935e-21,
        "L13": 9.483615893772658e-21,
        "L14": 4.467258759915919e-21,
        "L15": 1.7164657415136343e-20,
        "L16": 9.704535250714508e-21,
        "L17": 1.9545095381847383e-20
      }
    },
    {
      "energy_eV": 10.85,
      "sigma_au": 5.638355677396181,
      "sigma_cm2": 1.5789003955748498e-16,
      "sigma_mtong_cm2": 3.1214065125328205e-18,
      "sigma_scaled_cm2": 3.121406512532821e-18,
      "calibration_alpha": 0.056119768275281756,
      "calibration_factor": 0.019769496044722768,
      "partial_waves": {
        "L0": 6.76355822079301e-18,
        "L1": 1.8814127464666344e-17,
        "L2": 5.567512747115185e-17,
        "L3": 5.2616961320364923e-17,
        "L4": 1.0209984703138804e-19,
        "L5": 3.117816338304128e-21,
        "L6": 4.387164572828491e-21,
        "L7": 5.622300533170534e-21,
        "L8": 3.526101669062966e-21,
        "L9": 1.8759589356972736e-20,
        "L10": 1.2077113954781716e-20,
        "L11": 4.091260785335554e-21,
        "L12": 1.492228691249924e-20,
        "L13": 1.708823132114182e-20,
        "L14": 9.050829783018315e-21,
        "L15": 5.51287867029924e-21,
        "L16": 2.326740642669823e-20,
        "L17": 2.1904581392923054e-20
      }
    },
    {
      "energy_eV": 11.444,
      "sigma_au": 3.923519899022863,
      "sigma_cm2": 1.0986974705139218e-16,
      "sigma_mtong_cm2": 5.635533724185034e-18,
      "sigma_scaled_cm2": 5.635533724185034e-18,
      "calibration_alpha": 0.056119768275281756,
      "calibration_factor": 0.051292861551314774,
      "partial_waves": {
        "L0": 5.643038529178768e-18,
        "L1": 1.519778740981054e-17,
        "L2": 4.6879667627798186e-17,
        "L3": 2.753069452792345e-17,
        "L4": 7.195902400579933e-19,
        "L5": 2.4992440866501248e-20,
        "L6": 9.216319716481528e-21,
        "L7": 7.486041269143105e-21,
        "L8": 1.584477051525683e-20,
        "L9": 1.2571468689205566e-20,
        "L10": 1.2965800033604233e-20,
        "L11": 1.2111671198614491e-20,
        "L12": 1.950424526940191e-20,
        "L13": 1.503820003752965e-20,
        "L14": 8.185155062388157e-21,
        "L15": 2.0180744144552936e-20,
        "L16": 8.593395377304568e-21,
        "L17": 2.3748914549256116e-20
      }
    },
    {
      "energy_eV": 12.454,
      "sigma_au": 3.14346714704832,
      "sigma_cm2": 8.802604528565634e-17,
      "sigma_mtong_cm2": 9.085395133753445e-18,
      "sigma_scaled_cm2": 9.085395133753445e-18,
      "calibration_alpha": 0.056119768275281756,
      "calibration_factor": 0.1032125787801794,
      "partial_waves": {
        "L0": 4.493326666629222e-18,
        "L1": 1.1662956909687023e-17,
        "L2": 3.776453433643603e-17,
        "L3": 2.049744774512452e-17,
        "L4": 2.97853774702787e-18,
        "L5": 1.934013794827728e-19,
        "L6": 1.7864319798008028e-20,
        "L7": 9.3532623133207e-21,
        "L8": 3.3758200045947396e-20,
        "L9": 2.4919511916271688e-20,
        "L10": 4.792181953615462e-21,
        "L11": 1.0140967726896296e-20,
        "L12": 4.557066471550286e-20,
        "L13": 3.034261870824896e-20,
        "L14": 9.136060197242546e-21,
        "L15": 1.6194583292487013e-20,
        "L16": 4.5743848719807614e-20,
        "L17": 4.063816657799423e-20
      }
    },
    {
      "energy_eV": 14.17,
      "sigma_au": 2.5045068589242154,
      "sigma_cm2": 7.013333490343969e-17,
      "sigma_mtong_cm2": 1.2981791302516966e-17,
      "sigma_scaled_cm2": 1.2981791302516965e-17,
      "calibration_alpha": 0.056119768275281756,
      "calibration_factor": 0.18510158286912254,
      "partial_waves": {
        "L0": 3.286541840874365e-18,
        "L1": 7.850331904163008e-18,
        "L2": 2.7558492827787907e-17,
        "L3": 1.6389135266252664e-17,
        "L4": 5.82873172036738e-18,
        "L5": 9.114769455870768e-19,
        "L6": 1.44548837908077e-19,
        "L7": 1.20909244698832e-19,
        "L8": 8.587545634948783e-20,
        "L9": 4.543338253374214e-20,
        "L10": 1.7370011617778025e-20,
        "L11": 2.1540673089693592e-21,
        "L12": 4.057477216041255e-21,
        "L13": 1.8566477889570802e-20,
        "L14": 4.805221297486903e-20,
        "L15": 8.774715818308516e-20,
        "L16": 7.70840172083322e-20,
        "L17": 5.024419789500893e-20,
        "L18": 6.205246913557203e-21
      }
    },
    {
      "energy_eV": 17.086,
      "sigma_au": 1.8742875056495474,
      "sigma_cm2": 5.248539562615344e-17,
      "sigma_mtong_cm2": 1.613168185708173e-17,
      "sigma_scaled_cm2": 1.613168185708173e-17,
      "calibration_alpha": 0.056119768275281756,
      "calibration_factor": 0.3073556303545004,
      "partial_waves": {
        "L0": 2.113948661256718e-18,
        "L1": 4.49630282775163e-18,
        "L2": 1.7080398465256417e-17,
        "L3": 1.2660565883738136e-17,
        "L4": 7.233268749920765e-18,
        "L5": 2.6003227907918653e-18,
        "L6": 7.126532036243027e-19,
        "L7": 3.0899498379582887e-20,
        "L8": 2.2932359554535566e-20,
        "L9": 3.5201109635798173e-20,
        "L10": 4.430058333537803e-20,
        "L11": 4.69993479024849e-20,
        "L12": 4.948195455320055e-20,
        "L13": 4.5506802377620983e-20,
        "L14": 5.038585378101242e-20,
        "L15": 5.705366652353012e-20,
        "L16": 6.575236598765404e-20,
        "L17": 1.0691432803211844e-19,
        "L18": 9.868366426765198e-20
      }
    },
    {
      "energy_eV": 22.042,
      "sigma_au": 1.3565801530711383,
      "sigma_cm2": 3.798811325258843e-17,
      "sigma_mtong_cm2": 1.7320739462764596e-17,
      "sigma_scaled_cm2": 1.7320739462764596e-17,
      "calibration_alpha": 0.056119768275281756,
      "calibration_factor": 0.45595155904681306,
      "partial_waves": {
        "L0": 1.1710156566735754e-18,
        "L1": 2.2000047703951095e-18,
        "L2": 8.562474083753283e-18,
        "L3": 8.703723271929849e-18,
        "L4": 6.831957243351031e-18,
        "L5": 4.070685387830551e-18,
        "L6": 1.800827717216493e-18,
        "L7": 5.414564851581186e-19,
        "L8": 2.446879174412697e-19,
        "L9": 1.1932571560043215e-19,
        "L10": 5.992188178473693e-20,
        "L11": 3.688735412384874e-20,
        "L12": 2.7223999421413205e-20,
        "L13": 2.5317081528026467e-20,
        "L14": 2.782416354940248e-20,
        "L15": 3.131927497291916e-20,
        "L16": 4.128447606012264e-20,
        "L17": 5.016158736051023e-20,
        "L18": 7.137240389713638e-20,
        "L19": 9.683758923891902e-20,
        "L20": 1.5713961139586983e-19
      }
    },
    {
      "energy_eV": 30.463,
      "sigma_au": 1.0006993994197504,
      "sigma_cm2": 2.8022437178440157e-17,
      "sigma_mtong_cm2": 1.633218228211534e-17,
      "sigma_scaled_cm2": 1.633218228211534e-17,
      "calibration_alpha": 0.056119768275281756,
      "calibration_factor": 0.5828251903328723,
      "partial_waves": {
        "L0": 5.607416008148422e-19,
        "L1": 9.316487736720785e-19,
        "L2": 3.508957788070537e-18,
        "L3": 4.9419924849042385e-18,
        "L4": 5.036440373779288e-18,
        "L5": 4.0653189184418e-18,