{
  "Excitation_Z3.0_Li_n2l0_to_n3l0": [
    {
      "energy_eV": 3.5,
      "sigma_au": 4.332925892848133,
      "sigma_cm2": 1.2133428250439411e-16,
      "sigma_mtong_cm2": 7.514824866168366e-17,
      "sigma_scaled_cm2": 7.514824866168366e-17,
      "calibration_alpha": 0.01424179688118609,
      "calibration_factor": 0.6193488526951332,
      "partial_waves": {
        "L0": 3.2294796778929175e-17,
        "L1": 7.638749306358283e-17,
        "L2": 1.2314213347764215e-17,
        "L3": 3.3921635497206807e-19,
        "L4": 2.193941571937969e-22,
        "L5": 8.927986752307216e-25,
        "L6": 1.6447664319537378e-50
      }
    },
    {
      "energy_eV": 3.851,
      "sigma_au": 7.521525905725514,
      "sigma_cm2": 2.106241767521975e-16,
      "sigma_mtong_cm2": 1.8963016428946828e-16,
      "sigma_scaled_cm2": 1.8963016428946828e-16,
      "calibration_alpha": 0.01424179688118609,
      "calibration_factor": 0.9003247737916195,
      "partial_waves": {
        "L0": 2.2320066153569528e-17,
        "L1": 9.923881388225883e-17,
        "L2": 4.5080933154173366e-17,
        "L3": 4.395302064159773e-17,
        "L4": 4.0504490048230324e-20,
        "L5": 1.98943719650778e-22,
        "L6": 3.1302458405995605e-35,
        "born_topup": 4.9252316382705544e-48
      }
    },
    {
      "energy_eV": 4.45,
      "sigma_au": 6.586479329481865,
      "sigma_cm2": 1.844402058645399e-16,
      "sigma_mtong_cm2": 2.424327772204096e-16,
      "sigma_scaled_cm2": 2.424327772204096e-16,
      "calibration_alpha": 0.01424179688118609,
      "calibration_factor": 1.3144247811047323,
      "partial_waves": {
        "L0": 1.6858406341288634e-17,
        "L1": 8.48441539738156e-17,
        "L2": 5.772467405187032e-17,
        "L3": 2.4125256593543126e-17,
        "L4": 8.875937024678606e-19,
        "L5": 1.0419040559858126e-20,
        "L6": 1.6812117983842046e-28,
        "born_topup": 2.7127960011248725e-36
      }
    },
    {
      "energy_eV": 5.468,
      "sigma_au": 5.929375524590171,
      "sigma_cm2": 1.6603942526752091e-16,
      "sigma_mtong_cm2": 2.250559754799699e-16,
      "sigma_scaled_cm2": 2.250559754799699e-16,
      "calibration_alpha": 0.01424179688118609,
      "calibration_factor": 1.355436969968802,
      "partial_waves": {
        "L0": 1.2526201306443884e-17,
        "L1": 6.478225102107948e-17,
        "L2": 6.290475352967099e-17,
        "L3": 2.254798578185893e-17,
        "L4": 3.123376765876068e-18,
        "L5": 1.678934057857629e-19,
        "L6": 7.149485093668322e-24,
        "born_topup": 3.044629038188981e-28
      }
    },
    {
      "energy_eV": 7.203,
      "sigma_au": 5.145098820047824,
      "sigma_cm2": 1.4407744078317384e-16,
      "sigma_mtong_cm2": 1.6935668611492385e-16,
      "sigma_scaled_cm2": 1.6935668611492385e-16,
      "calibration_alpha": 0.01424179688118609,
      "calibration_factor": 1.175455957534625,
      "partial_waves": {
        "L0": 8.908739161289775e-18,
        "L1": 4.643779252601082e-17,
        "L2": 5.804808849047302e-17,
        "L3": 2.4310159932911198e-17,
        "L4": 5.551839981577095e-18,
        "L5": 8.319716382888311e-19,
        "L6": 4.452184108733116e-21,
        "L7": 2.7921297540740795e-22,
        "L8": 1.9050583510610617e-23,
        "born_topup": 1.3949930635582262e-24
      }
    },
    {
      "energy_eV": 10.157,
      "sigma_au": 3.9375542411059787,
      "sigma_cm2": 1.1026274865566303e-16,
      "sigma_mtong_cm2": 1.1245321940318397e-16,
      "sigma_scaled_cm2": 1.1245321940318397e-16,
      "calibration_alpha": 0.01424179688118609,
      "calibration_factor": 1.019865918220137,
      "partial_waves": {
        "L0": 5.789304232968817e-18,
        "L1": 3.00283961840213e-17,
        "L2": 3.942599386723783e-17,
        "L3": 2.431108069603184e-17,
        "L4": 8.380335768716496e-18,
        "L5": 2.2054672429650414e-18,
        "L6": 1.1834932771171108e-19,
        "L7": 1.8639118361874303e-20,
        "L8": 2.9854594138929086e-21,
        "L9": 4.095478300469038e-22,
        "L10": 5.975789424756947e-23,
        "born_topup": 1.0209001344602128e-23
      }
    },
    {
      "energy_eV": 15.186,
      "sigma_au": 2.6765358128765344,
      "sigma_cm2": 7.495063624068128e-17,
      "sigma_mtong_cm2": 7.05867966560217e-17,
      "sigma_scaled_cm2": 7.05867966560217e-17,
      "calibration_alpha": 0.01424179688118609,
      "calibration_factor": 0.9417771508884003,
      "partial_waves": {
        "L0": 3.3200134971172326e-18,
        "L1": 1.644147968343317e-17,
        "L2": 2.172075323617658e-17,
        "L3": 1.857396896980359e-17,
        "L4": 9.927435012028318e-18,
        "L5": 4.039219675547633e-18,
        "L6": 6.662434254314194e-19,
        "L7": 2.0605304251098698e-19,
        "L8": 5.576038983032921e-20,
        "L9": 1.4940990593152826e-20,
        "L10": 3.766228924188962e-21,
        "L11": 8.583820984853208e-22,
        "L12": 2.1370211711403435e-22,
        "L13": 5.321804283728238e-23,
        "born_topup": 1.7647608313749637e-23
      }
    },
    {
      "energy_eV": 23.75,
      "sigma_au": 1.6785010114978547,
      "sigma_cm2": 4.7002815406824725e-17,
      "sigma_mtong_cm2": 4.3719618373582643e-17,
      "sigma_scaled_cm2": 4.3719618373582643e-17,
      "calibration_alpha": 0.01424179688118609,
      "calibration_factor": 0.930148928211535,
      "partial_waves": {
        "L0": 1.6846716309097052e-18,
        "L1": 7.643039093558923e-18,
        "L2": 1.0671823392283238e-17,
        "L3": 1.089570721808435e-17,
        "L4": 8.234512320705723e-18,
        "L5": 4.943408681085673e-18,
        "L6": 1.6564391857694608e-18,
        "L7": 7.597140996212582e-19,
        "L8": 3.262020276279027e-19,
        "L9": 1.3087692291061713e-19,
        "L10": 4.9397188069812426e-20,
        "L11": 1.8714672443260972e-20,
        "L12": 6.511432607648472e-21,
        "L13": 2.3986129714925814e-21,
        "L14": 8.428167886767806e-22,
        "L15": 3.1963032400744973e-22,
        "L16": 7.410219964237796e-23,
        "L17": 2.910948897834066e-23,
        "born_topup": 1.8833325133651782e-23
      }
    },
    {
      "energy_eV": 38.331,
      "sigma_au": 1.0110702423928857,
      "sigma_cm2": 2.8312850359332105e-17,
      "sigma_mtong_cm2": 2.7224026608070024e-17,
      "sigma_scaled_cm2": 2.7224026608070024e-17,
      "calibration_alpha": 0.01424179688118609,
      "calibration_factor": 0.9615431248552057,
      "partial_waves": {
        "L0": 7.704090860947477e-19,
        "L1": 3.1478850492655954e-18,
        "L2": 4.732456668049179e-18,
        "L3": 5.3823008127691525e-18,
        "L4": 5.0492490993993376e-18,
        "L5": 4.021211671412649e-18,
        "L6": 2.149793616467862e-18,
        "L7": 1.372236793576952e-18,
        "L8": 7.991220924956497e-19,
        "L9": 4.443930338346337e-19,
        "L10": 2.337021304856109e-19,
        "L11": 1.2018306638502744e-19,
        "L12": 5.927012660232924e-20,
        "L13": 2.8522846213964795e-20,
        "L14": 1.4144938259470006e-20,
        "L15": 6.5786284310806275e-21,
        "L16": 2.7407626070131952e-21,
        "L17": 1.2191738722229632e-21,
        "L18": 6.233670600629516e-22,
        "L19": 2.941577713053389e-22,
        "L20": 1.5572826464336208e-22,
        "L21": 7.804513676382095e-23,
        "L22": 4.286115971342821e-23,
        "born_topup": 5.221351211515456e-23
      }
    },
    {
      "energy_eV": 63.16,
      "sigma_au": 0.6047399098086531,
      "sigma_cm2": 1.693444219286506e-17,
      "sigma_mtong_cm2": 1.7105693859310796e-17,
      "sigma_scaled_cm2": 1.7105693859310796e-17,
      "calibration_alpha": 0.01424179688118609,
      "calibration_factor": 1.0101126251750936,
      "partial_waves": {
        "L0": 3.250867054481124e-19,
        "L1": 1.20721684011827e-18,
        "L2": 1.916007678134313e-18,
        "L3": 2.3557754203184744e-18,
        "L4": 2.514393154450511e-18,
        "L5": 2.3924986641695916e-18,
        "L6": 1.7484844948706267e-18,