{
  "Ionization_Z1.0_H_n1l0": [
    {
      "energy_eV": 14.098,
      "sigma_au": 0.41325048881873483,
      "sigma_cm2": 1.1572192277318686e-17,
      "IP_eV": 13.600341747742005,
      "sdcs": [
        [
          0.1,
          3.581783342514796e-16
        ],
        [
          0.12441456306449883,
          1.0633538631638251e-16
        ],
        [
          0.1492974756773986,
          5.226669217546109e-17
        ],
        [
          0.17418038829029836,
          4.052602505941693e-17
        ],
        [
          0.19906330090319813,
          3.715853965171113e-17
        ],
        [
          0.2239462135160979,
          3.5559272660214433e-17
        ],
        [
          0.24882912612899766,
          3.7004623695287476e-17
        ]
      ],
      "partial_waves": {}
    },
    {
      "energy_eV": 20.0,
      "sigma_au": 3.762045464805359,
      "sigma_cm2": 1.0534800236821567e-16,
      "IP_eV": 13.600341747741963,
      "sdcs": [
        [
          0.1,
          1.0835545265643184e-16
        ],
        [
          0.31998291261290185,
          9.714063891036936e-18
        ],
        [
          0.6399658252258037,
          1.363698070947616e-17
        ],
        [
          0.9599487378387055,
          1.8991275448333244e-17
        ],
        [
          1.2799316504516074,
          2.388388121644395e-17
        ],
        [
          1.5999145630645093,
          2.912954203232624e-17
        ],
        [
          1.919897475677411,
          3.4307847475876525e-17
        ],
        [
          2.239880388290313,
          3.949753370431529e-17
        ],
        [
          2.559863300903215,
          4.516321637441426e-17
        ],
        [
          2.8798462135161165,
          5.0816456336151607e-17
        ],
        [
          3.1998291261290186,
          5.672182252105241e-17
        ]
      ],
      "partial_waves": {}
    },
    {
      "energy_eV": 30.0,
      "sigma_au": 8.571530687727499,
      "sigma_cm2": 2.400273052618914e-16,
      "IP_eV": 13.600341747741963,
      "sdcs": [
        [
          0.1,
          5.654099830691374e-17
        ],
        [
          0.8199829126129018,
          8.37523529859533e-18
        ],
        [
          1.6399658252258036,
          1.4057050209010483e-17
        ],
        [
          2.4599487378387055,
          1.8872920662312723e-17
        ],
        [
          3.279931650451607,
          2.3128534238987405e-17
        ],
        [
          4.099914563064509,
          2.7270508418101197e-17
        ],
        [
          4.919897475677411,
          3.1326922935545817e-17
        ],
        [
          5.739880388290312,
          3.549522692135593e-17
        ],
        [
          6.559863300903214,
          3.996680324136574e-17
        ],
        [
          7.3798462135161165,
          4.48177808192174e-17
        ],
        [
          8.199829126129018,
          5.019846654652058e-17
        ]
      ],
      "partial_waves": {}
    },
    {
      "energy_eV": 40.0,
      "sigma_au": 10.905057954817298,
      "sigma_cm2": 3.053727239601715e-16,
      "IP_eV": 13.600341747742018,
      "sdcs": [
        [
          0.1,
          4.380531167553062e-17
        ],
        [
          1.319982912612899,
          8.859233323483168e-18
        ],
        [
          2.639965825225798,
          1.383181754766293e-17
        ],
        [
          3.959948737838697,
          1.6884369362296756e-17
        ],
        [
          5.279931650451596,
          1.9506936099127808e-17
        ],
        [
          6.599914563064495,
          2.1727532669558695e-17
        ],
        [
          7.919897475677394,
          2.4122425590944075e-17
        ],
        [
          9.239880388290294,
          2.646666571790411e-17
        ],
        [
          10.559863300903192,
          2.9270287663737686e-17
        ],
        [
          11.87984621351609,
          3.254472579027807e-17
        ],
        [
          13.199829126128991,
          3.644842563655071e-17
        ]
      ],
      "partial_waves": {}
    },
    {
      "energy_eV": 50.0,
      "sigma_au": 12.014389160017325,
      "sigma_cm2": 3.3643716151836946e-16,
      "IP_eV": 13.600341747742018,
      "sdcs": [
        [
          0.1,
          3.744978942991496e-17
        ],
        [
          1.819982912612899,
          9.15420512131258e-18
        ],
        [
          3.639965825225798,
          1.3154698259946987e-17
        ],
        [
          5.4599487378386975,
          1.530181216610418e-17
        ],
        [
          7.279931650451596,
          1.6242115654169027e-17
        ],
        [
          9.099914563064495,
          1.731939455764236e-17
        ],
        [
          10.919897475677395,
          1.8418190429775546e-17
        ],
        [
          12.739880388290294,
          1.974563637058925e-17
        ],
        [
          14.559863300903192,
          2.1364689728297557e-17
        ],
        [
          16.379846213516092,
          2.3541858621751645e-17
        ],
        [
          18.19982912612899,
          2.6340329467596255e-17
        ]
      ],
      "partial_waves": {}
    }
  ]
}