{
  "Excitation_Z1.0_H_n1l0_to_n2l0": [
    {
      "energy_eV": 10.704,
      "sigma_au": 1.2770862726601426,
      "sigma_cm2": 3.576205788453362e-17,
      "sigma_mtong_cm2": 8.217538584674422e-18,
      "sigma_scaled_cm2": 8.217538584674422e-18,
      "calibration_alpha": 0.016782469513416994,
      "calibration_factor": 0.22978371689925442,
      "partial_waves": {
        "L0": 7.459482227481983e-18,
        "L1": 2.131706062979871e-17,
        "L2": 6.978192993833928e-18,
        "L3": 7.531826132304428e-21,
        "L4": 1.3544848491447124e-23,
        "L5": 4.042273713707839e-26,
        "L6": 6.047929214043805e-50,
        "L7": 1.1309001989800754e-49,
        "L8": 1.2793440949448459e-50,
        "L9": 8.45649802335057e-52,
        "L10": 8.635604624843993e-51,
        "L11": 4.5652375883824455e-49,
        "L12": 8.22494397607895e-51,
        "L13": 2.1936545133439066e-49,
        "L14": 2.6759573629352124e-48
      }
    },
    {
      "energy_eV": 13.227,
      "sigma_au": 1.0620335861999377,
      "sigma_cm2": 2.97399693333861e-17,
      "sigma_mtong_cm2": 2.276773081609702e-17,
      "sigma_scaled_cm2": 2.276773081609702e-17,
      "calibration_alpha": 0.016782469513416994,
      "calibration_factor": 0.7655599964098806,
      "partial_waves": {
        "L0": 4.86489854157388e-18,
        "L1": 1.7280063425306335e-17,
        "L2": 6.879193951412733e-18,
        "L3": 7.016397694452021e-19,
        "L4": 1.4450878348052996e-20,
        "L5": 2.9030181838982973e-22,
        "L6": 3.4407910392476e-29,
        "L7": 1.2764660065300153e-31,
        "L8": 1.9913227996415485e-34,
        "L9": 3.127566316891949e-37,
        "L10": 1.3360200877597205e-38,
        "L11": 1.7346046130547829e-40,
        "L12": 1.1383612105184154e-42,
        "L13": 3.029901757809007e-45,
        "L14": 5.068715880438314e-48
      }
    },
    {
      "energy_eV": 21.831,
      "sigma_au": 0.7646346428983176,
      "sigma_cm2": 2.141195073915444e-17,
      "sigma_mtong_cm2": 1.8061090872804712e-17,
      "sigma_scaled_cm2": 1.8061090872804712e-17,
      "calibration_alpha": 0.016782469513416994,
      "calibration_factor": 0.843505157135344,
      "partial_waves": {
        "L0": 2.867434213679945e-18,
        "L1": 1.0396736789954404e-17,
        "L2": 6.286006767528234e-18,
        "L3": 1.5569688095256379e-18,
        "L4": 2.6937249069863354e-19,
        "L5": 3.661441648808443e-20,
        "L6": 2.6278764052734826e-22,
        "L7": 1.951448781707243e-23,
        "L8": 1.448496415756064e-24,
        "L9": 1.0108268433661019e-25,
        "L10": 6.706218329575184e-27,
        "L11": 4.596390512983432e-28,
        "L12": 2.817355474146198e-29,
        "L13": 1.571578374574256e-30,
        "L14": 1.3418743480924586e-31,
        "born_topup": 1.2527049644287682e-32
      }
    },
    {
      "energy_eV": 36.49,
      "sigma_au": 0.49118213302703356,
      "sigma_cm2": 1.3754500576200333e-17,
      "sigma_mtong_cm2": 1.057525166517367e-17,
      "sigma_scaled_cm2": 1.057525166517367e-17,
      "calibration_alpha": 0.016782469513416994,
      "calibration_factor": 0.768857553684808,
      "partial_waves": {
        "L0": 1.5337481932832782e-18,
        "L1": 4.997263969402547e-18,
        "L2": 4.440452773283918e-18,
        "L3": 1.9344420523899824e-18,
        "L4": 6.447043051117931e-19,
        "L5": 1.8380687107367097e-19,
        "L6": 1.7439597532176787e-20,
        "L7": 3.7055316986980855e-21,
        "L8": 7.833560272267165e-22,
        "L9": 1.5290339315612656e-22,
        "L10": 2.9686179472128413e-23,
        "L11": 5.713146087076553e-24,
        "L12": 1.1004828628446138e-24,
        "L13": 2.0545862643453473e-25,
        "L14": 3.6309015250089204e-26,
        "born_topup": 7.79395577205111e-27
      }
    },
    {
      "energy_eV": 61.464,
      "sigma_au": 0.29849295213199845,
      "sigma_cm2": 8.358653961595437e-18,
      "sigma_mtong_cm2": 6.19971347849034e-18,
      "sigma_scaled_cm2": 6.19971347849034e-18,
      "calibration_alpha": 0.016782469513416994,
      "calibration_factor": 0.7417119439296641,
      "partial_waves": {
        "L0": 7.3137472384489165e-19,
        "L1": 2.2381313665403403e-18,
        "L2": 2.4448030678261697e-18,
        "L3": 1.6064365874874942e-18,
        "L4": 8.252597807167462e-19,
        "L5": 3.7006874712799453e-19,
        "L6": 9.199233799167793e-20,
        "L7": 3.4632109756700316e-20,
        "L8": 1.2166688972389514e-20,
        "L9": 4.130287357312339e-21,
        "L10": 1.3866135064773785e-21,
        "L11": 4.414469951588666e-22,
        "L12": 1.386219809161769e-22,
        "L13": 4.5079743433889214e-23,
        "L14": 1.3921157759138836e-23,
        "L15": 4.263750685791568e-24,
        "L16": 9.298334199464663e-25,
        "born_topup": 2.593316270043012e-25
      }
    },
    {
      "energy_eV": 104.012,
      "sigma_au": 0.1758742720285908,
      "sigma_cm2": 4.924981210224367e-18,
      "sigma_mtong_cm2": 3.743011925178601e-18,
      "sigma_scaled_cm2": 3.743011925178601e-18,
      "calibration_alpha": 0.016782469513416994,
      "calibration_factor": 0.7600053209153423,
      "partial_waves": {
        "L0": 3.1602177398587084e-19,
        "L1": 9.376209739505267e-19,
        "L2": 1.168787976948929e-18,
        "L3": 1.001755726960593e-18,
        "L4": 7.007639573969774e-19,
        "L5": 4.303014494028557e-19,
        "L6": 1.8310294055772075e-19,
        "L7": 9.673077702558746e-20,
        "L8": 4.882303544764559e-20,
        "L9": 2.3433456951594628e-20,
        "L10": 1.1111228635647478e-20,
        "L11": 5.06111320226136e-21,
        "L12": 2.2922750366809942e-21,
        "L13": 1.023465543806187e-21,
        "L14": 4.518161210785683e-22,
        "L15": 1.924977092895463e-22,
        "L16": 7.049024410890346e-23,
        "L17": 2.9081850744472375e-23,
        "L18": 1.2661853336364345e-23,
        "L19": 5.487553931629402e-24,
        "L20": 2.362818354376521e-24,
        "born_topup": 1.786682564892995e-24
      }
    },
    {
      "energy_eV": 176.501,
      "sigma_au": 0.10264711178635813,
      "sigma_cm2": 2.874411879580842e-18,
      "sigma_mtong_cm2": 2.3137764749406915e-18,
      "sigma_scaled_cm2": 2.3137764749406915e-18,
      "calibration_alpha": 0.016782469513416994,
      "calibration_factor": 0.8049564821858778,
      "partial_waves": {
        "L0": 1.263304938774258e-19,
        "L1": 3.713398652926384e-19,
        "L2": 5.093375406584606e-19,
        "L3": 5.1774145027072575e-19,
        "L4": 4.472283474972154e-19,
        "L5": 3.4232358569737995e-19,
        "L6": 2.0419739007362538e-19,
        "L7": 1.3711854194356463e-19,
        "L8": 8.886691001284859e-20,
        "L9": 5.41724822286183e-20,
        "L10": 3.343142314559192e-20,
        "L11": 1.9268465263837176e-20,
        "L12": 1.1537625473229157e-20,
        "L13": 6.37702100268274e-21,
        "L14": 3.735126454019482e-21,
        "L15": 1.985029129589514e-21,
        "L16": 1.040558887619383e-21,
        "L17": 5.386046785505227e-22,
        "L18": 3.0764404050913478e-22,
        "L19": 1.586271497248979e-22,
        "L20": 9.046441780654275e-23,
        "L21": 4.632796026301715e-23,
        "L22": 2.605788625021541e-23,
        "L23": 1.4150653072220955e-23,
        "L24": 7.716867965524652e-24,
        "L25": 4.3055485792517594e-24,
        "born_topup": 5.4341873243802725e-24
      }
    },
    {
      "energy_eV": 300.0,
      "sigma_au": 0.06015077593057113,
      "sigma_cm2": 1.6843932760689456e-18,
      "sigma_mtong_cm2": 1.450834830026989e-18,
      "sigma_scaled_cm2": 1.450834830026989e-18,
      "calibration_alpha": 0.016782469513416994,
      "calibration_factor": 0.8613397183661065,
      "partial_waves": {
        "L0": 4.788566752186314e-20,
        "L1": 1.410652566921668e-19,
        "L2": 2.0673953069943336e-19,
        "L3": 2.361843523486725e-19,
        "L4": 2.3310174893451388e-19,
        "L5": 2.104295034403222e-19,
        "L6": 1.5542549187014909e-19,