{
  "Excitation_Z1.0_H_n1l0_to_n2l0": [
    {
      "energy_eV": 10.5,
      "sigma_au": 1.353824784370634,
      "sigma_cm2": 3.7910955070662773e-17,
      "sigma_mtong_cm2": 5.239174882893097e-18,
      "sigma_scaled_cm2": 6.355071491285247e-19,
      "calibration_alpha": 0.016763153234836573,
      "partial_waves": {
        "L0": 8.657705801234842e-18,
        "L1": 2.2356434905980148e-17,
        "L2": 6.895663125971916e-18,
        "L3": 1.3666956144615395e-21,
        "L4": 1.2477868031160435e-24,
        "L5": 3.372526427318268e-27,
        "L6": 8.119681935953201e-51,
        "L7": 2.2409705582015686e-50,
        "L8": 2.9284389154012175e-49,
        "L9": 9.338675966395743e-49,
        "L10": 2.170351260449926e-49,
        "L11": 1.2307961168585716e-48,
        "L12": 2.2976066819228048e-48,
        "L13": 7.0388188238492e-48,
        "L14": 1.0881135945530754e-49
      }
    },
    {
      "energy_eV": 10.85,
      "sigma_au": 1.243583620981501,
      "sigma_cm2": 3.4823888087969064e-17,
      "sigma_mtong_cm2": 1.006250698320523e-17,
      "sigma_scaled_cm2": 5.837581722514254e-19,
      "calibration_alpha": 0.016763153234836573,
      "partial_waves": {
        "L0": 6.985494055824476e-18,
        "L1": 2.0645875356852204e-17,
        "L2": 7.174111822838846e-18,
        "L3": 1.8606762093350447e-20,
        "L4": 3.592126835241309e-23,
        "L5": 1.7217898638821667e-25,
        "L6": 6.5713082704084585e-46,
        "L7": 3.941990128175731e-51,
        "L8": 1.6710222938141642e-50,
        "L9": 2.3402595119629165e-49,
        "L10": 1.0780731508816485e-50,
        "L11": 9.325575535271755e-50,
        "L12": 3.5628477548520527e-53,
        "L13": 7.011984256828722e-49,
        "L14": 3.2294798106642753e-49
      }
    },
    {
      "energy_eV": 11.444,
      "sigma_au": 1.1510249995153528,
      "sigma_cm2": 3.223198270972849e-17,
      "sigma_mtong_cm2": 1.5767751699148048e-17,
      "sigma_scaled_cm2": 5.403096652257817e-19,
      "calibration_alpha": 0.016763153234836573,
      "partial_waves": {
        "L0": 6.000269053540418e-18,
        "L1": 1.9038001427801886e-17,
        "L2": 7.038181998243958e-18,
        "L3": 1.5530033915134248e-19,
        "L4": 5.263751474206967e-22,
        "L5": 4.232579195198457e-24,
        "L6": 3.421984846331089e-38,
        "L7": 1.4902905493346588e-41,
        "L8": 6.155370824447032e-47,
        "L9": 2.7159895911068736e-48,
        "L10": 3.324877505774285e-50,
        "L11": 1.497152818192561e-51,
        "L12": 2.947020692108779e-50,
        "L13": 8.476057170673116e-49,
        "L14": 6.24855288017024e-50
      }
    },
    {
      "energy_eV": 12.454,
      "sigma_au": 1.0943262778392429,
      "sigma_cm2": 3.06442567980432e-17,
      "sigma_mtong_cm2": 2.0962413909743297e-17,
      "sigma_scaled_cm2": 5.136943724732805e-19,
      "calibration_alpha": 0.016763153234836573,
      "partial_waves": {
        "L0": 5.238618102882658e-18,
        "L1": 1.789773166800222e-17,
        "L2": 6.975090947133678e-18,
        "L3": 5.28019842795787e-19,
        "L4": 5.173305450830359e-21,
        "L5": 7.583213381470988e-23,
        "L6": 1.885262609645552e-32,
        "L7": 1.2000720928790712e-34,
        "L8": 1.0566786436509572e-36,
        "L9": 2.276163345156633e-39,
        "L10": 1.9928431968028474e-42,
        "L11": 1.1839300345078683e-45,
        "L12": 2.354359857918074e-47,
        "L13": 6.1083397644878396e-49,
        "L14": 2.1079474247107842e-50
      }
    },
    {
      "energy_eV": 14.17,
      "sigma_au": 1.0266585386515832,
      "sigma_cm2": 2.874936711239656e-17,
      "sigma_mtong_cm2": 2.353214405701457e-17,
      "sigma_scaled_cm2": 4.819300463096746e-19,
      "calibration_alpha": 0.016763153234836573,
      "partial_waves": {
        "L0": 4.508213116888186e-18,
        "L1": 1.6536332973169107e-17,
        "L2": 6.829863153173481e-18,
        "L3": 8.419947725763628e-19,
        "L4": 3.2728226657910965e-20,
        "L5": 9.370527895801453e-22,
        "L6": 7.396305733858396e-28,
        "L7": 1.678189253612169e-29,
        "L8": 2.532661803730885e-31,
        "L9": 2.4300162946488523e-33,
        "L10": 1.4641509395557372e-35,
        "L11": 6.469740777664878e-38,
        "L12": 1.275934614452995e-40,
        "L13": 1.0805045297600845e-41,
        "L14": 4.922098368214315e-43
      }
    },
    {
      "energy_eV": 17.086,
      "sigma_au": 0.9185650031667879,
      "sigma_cm2": 2.5722439836059093e-17,
      "sigma_mtong_cm2": 2.2195704234489e-17,
      "sigma_scaled_cm2": 4.3118920054572313e-19,
      "calibration_alpha": 0.016763153234836573,
      "partial_waves": {
        "L0": 3.717457993698358e-18,
        "L1": 1.4025080615660295e-17,
        "L2": 6.687457072021452e-18,
        "L3": 1.1704009741402205e-18,
        "L4": 1.1540778828038232e-19,
        "L5": 7.695303792564456e-21,
        "L6": 1.2852791787444505e-24,
        "L7": 3.101992397573071e-26,
        "L8": 3.9649968716067997e-28,
        "L9": 4.398095669801288e-30,
        "L10": 1.261162906703564e-31,
        "L11": 1.091116454408682e-32,
        "L12": 7.571453328897565e-34,
        "L13": 4.998890837500692e-35,
        "L14": 2.5439175950148634e-36
      }
    },
    {
      "energy_eV": 22.042,
      "sigma_au": 0.7588080863331081,
      "sigma_cm2": 2.1248790537989248e-17,
      "sigma_mtong_cm2": 1.7871566936867954e-17,
      "sigma_scaled_cm2": 3.561967318432592e-19,
      "calibration_alpha": 0.016763153234836573,
      "partial_waves": {
        "L0": 2.8368722901423015e-18,
        "L1": 1.0263357036869916e-17,
        "L2": 6.266557969168433e-18,
        "L3": 1.5681287480638938e-18,
        "L4": 2.7684665834101136e-19,
        "L5": 3.817182793443992e-20,
        "L6": 3.113714512422383e-22,
        "L7": 2.3699427133478457e-23,
        "L8": 1.85936067850969e-24,
        "L9": 1.3216757356891898e-25,
        "L10": 9.392034968131315e-27,
        "L11": 6.55559268826514e-28,
        "L12": 4.319808367202298e-29,
        "L13": 2.5387844996861862e-30,
        "L14": 1.845692319943964e-31
      }
    },
    {
      "energy_eV": 30.463,
      "sigma_au": 0.5774363811624066,
      "sigma_cm2": 1.616986552110646e-17,
      "sigma_mtong_cm2": 1.2786198395387401e-17,
      "sigma_scaled_cm2": 2.7105793351700813e-19,
      "calibration_alpha": 0.016763153234836573,
      "partial_waves": {
        "L0": 1.9349819462756585e-18,
        "L1": 6.512599311467359e-18,
        "L2": 5.189269548863239e-18,
        "L3": 1.887637679342869e-18,
        "L4": 5.18989833106e-19,
        "L5": 1.2050000398890382e-19,
        "L6": 6.506098170671297e-21,
        "L7": 1.055656600510725e-21,
        "L8": 1.6989346701088583e-22,
        "L9": 2.571153619265528e-23,
        "L10": 3.776011385077822e-24,
        "L11": 5.107495552505454e-25,
        "L12": 7.913676520358006e-26,
        "L13": 1.1612967951363212e-26,
        "L14": 1.6518985073776052e-27
      }
    },
    {
      "energy_eV": 44.774,
      "sigma_au": 0.4057194623188201,
      "sigma_cm2": 1.1361302056833497e-17,
      "sigma_mtong_cm2": 8.53236884554517e-18,
      "sigma_scaled_cm2": 1.9045124732596383e-19,
      "calibration_alpha": 0.016763153234836573,
      "partial_waves": {
        "L0": 1.1600647143872596e-18,
        "L1": 3.670752599994942e-18,
        "L2": 3.587482516942377e-18,
        "L3": 1.875604312680224e-18,
        "L4": 7.527047360504942e-19,
        "L5": 2.6268330868740835e-19,
        "L6": 3.913194775992518e-20,
        "L7": 1.1247484923966392e-20,
        "L8": 2.859581884806143e-21,
        "L9": 7.234528327426005e-22,
        "L10": 1.7572265525727934e-22,
        "L11": 4.333458268753685e-23,
        "L12": 1.0354461408232781e-23,
        "L13": 2.4549230928560875e-24,
        "L14": 6.018037183057486e-25
      }
    },
    {
      "energy_eV": 69.094,
      "sigma_au": 0.26563301061649236,
      "sigma_cm2": 7.438481882608064e-18,
      "sigma_mtong_cm2": 5.5194969889728436e-18,