{
  "Excitation_Z11.0_Na_n3l0_to_n4l0": [
    {
      "energy_eV": 3.999,
      "sigma_au": 7.133554531965998,
      "sigma_cm2": 1.997598717925731e-16,
      "sigma_mtong_cm2": 1.1296876108859907e-16,
      "sigma_scaled_cm2": 1.1296876108859907e-16,
      "calibration_alpha": 0.010780599700254882,
      "calibration_factor": 0.5655227953184898,
      "partial_waves": {
        "L0": 5.354059745812555e-18,
        "L1": 1.4076413769505163e-17,
        "L2": 2.6753692197647467e-17,
        "L3": 1.4382177435766889e-16,
        "L4": 9.745716881473402e-18,
        "L5": 2.3453723548512533e-20,
        "L6": 4.9122775744690274e-33,
        "born_topup": 1.0288545833127104e-45
      }
    },
    {
      "energy_eV": 5.212,
      "sigma_au": 7.951240108950289,
      "sigma_cm2": 2.226573999873988e-16,
      "sigma_mtong_cm2": 1.4707763949829938e-16,
      "sigma_scaled_cm2": 1.4707763949829938e-16,
      "calibration_alpha": 0.010780599700254882,
      "calibration_factor": 0.660555811334468,
      "partial_waves": {
        "L0": 3.608026702459913e-18,
        "L1": 1.1910606782161147e-17,
        "L2": 2.443663727256848e-17,
        "L3": 5.0502512894317675e-17,
        "L4": 1.250324793034487e-16,
        "L5": 7.198923411103441e-18,
        "L6": 4.0572580821243305e-24,
        "born_topup": 2.2866408603633326e-30
      }
    },
    {
      "energy_eV": 8.177,
      "sigma_au": 7.518759409665492,
      "sigma_cm2": 2.1054670697247014e-16,
      "sigma_mtong_cm2": 9.85857332747879e-17,
      "sigma_scaled_cm2": 9.85857332747879e-17,
      "calibration_alpha": 0.010780599700254882,
      "calibration_factor": 0.4682368805116406,
      "partial_waves": {
        "L0": 2.023188215772836e-18,
        "L1": 7.39212557498864e-18,
        "L2": 1.5084025579819227e-17,
        "L3": 2.764718373488612e-17,
        "L4": 5.897299105152076e-17,
        "L5": 9.92587653954001e-17,
        "L6": 1.7549810099694343e-19,
        "L7": 3.0164335285857267e-20,
        "L8": 4.194539328040959e-21,
        "L9": 4.370120349366371e-22,
        "L10": 5.102469543456051e-23,
        "born_topup": 6.745090519155885e-24
      }
    },
    {
      "energy_eV": 13.227,
      "sigma_au": 4.061987271716243,
      "sigma_cm2": 1.1374722839575373e-16,
      "sigma_mtong_cm2": 5.75193721651834e-17,
      "sigma_scaled_cm2": 5.75193721651834e-17,
      "calibration_alpha": 0.010780599700254882,
      "calibration_factor": 0.505677131446753,
      "partial_waves": {
        "L0": 1.1067642105685453e-18,
        "L1": 3.936440331584394e-18,
        "L2": 7.774130202011057e-18,
        "L3": 1.3746850830450948e-17,
        "L4": 2.5194656091461896e-17,
        "L5": 5.810201234080765e-17,
        "L6": 2.2665377461886146e-18,
        "L7": 1.1262757088701019e-18,
        "L8": 3.8419814050879214e-19,
        "L9": 1.1032189177272998e-19,
        "L10": 2.87396165084699e-20,
        "L11": 7.181970979853392e-21,
        "L12": 1.745452218878011e-21,
        "L13": 4.070078685826638e-22,
        "L14": 1.1428057897006797e-22,
        "L15": 2.8872551310147165e-23,
        "born_topup": 9.76049022553735e-24
      }
    },
    {
      "energy_eV": 21.831,
      "sigma_au": 1.789375727586984,
      "sigma_cm2": 5.010762367201063e-17,
      "sigma_mtong_cm2": 3.379921597848782e-17,
      "sigma_scaled_cm2": 3.379921597848782e-17,
      "calibration_alpha": 0.010780599700254882,
      "calibration_factor": 0.674532406480245,
      "partial_waves": {
        "L0": 5.610158831836726e-19,
        "L1": 1.9059570676382135e-18,
        "L2": 3.6278799931020095e-18,
        "L3": 6.095206837155166e-18,
        "L4": 1.0144576988636007e-17,
        "L5": 1.6974023902257995e-17,
        "L6": 3.67168764600996e-18,
        "L7": 3.0966143818999767e-18,
        "L8": 2.0834788700957683e-18,
        "L9": 1.109148016609428e-18,
        "L10": 5.120719199723704e-19,
        "L11": 2.210990380426487e-19,
        "L12": 9.049255404375438e-20,
        "L13": 3.4791633909098725e-20,
        "L14": 1.364891006639317e-20,
        "L15": 5.034736091205982e-21,
        "L16": 1.5661317966311137e-21,
        "L17": 5.878210606622057e-22,
        "L18": 2.6818917855229267e-22,
        "L19": 1.0720932645193946e-22,
        "L20": 5.059125552964178e-23,
        "born_topup": 4.520597566063527e-23
      }
    },
    {
      "energy_eV": 36.49,
      "sigma_au": 1.0230787015547602,
      "sigma_cm2": 2.864912146399012e-17,
      "sigma_mtong_cm2": 2.041452348900344e-17,
      "sigma_scaled_cm2": 2.0414523489003438e-17,
      "calibration_alpha": 0.010780599700254882,
      "calibration_factor": 0.7125706634551787,
      "partial_waves": {
        "L0": 2.6241055609194337e-19,
        "L1": 8.632336042236024e-19,
        "L2": 1.5994987616570641e-18,
        "L3": 2.578966557342245e-18,
        "L4": 3.9771484057155076e-18,
        "L5": 5.830908225916261e-18,
        "L6": 2.4567467879264352e-18,
        "L7": 2.6173460676421666e-18,
        "L8": 2.4925823741811844e-18,
        "L9": 2.101927173451842e-18,
        "L10": 1.5227894894213535e-18,
        "L11": 1.0175807958399455e-18,
        "L12": 6.136120281463172e-19,
        "L13": 3.5530590766309414e-19,
        "L14": 1.955273498310539e-19,
        "L15": 1.0858693660214053e-19,
        "L16": 4.754938249020857e-20,
        "L17": 2.666897202711964e-20,
        "L18": 1.3127662338172147e-20,
        "L19": 7.593232356958784e-21,
        "L20": 3.9184899136950746e-21,
        "L21": 2.2954082884385775e-21,
        "L22": 1.3311831915606981e-21,
        "L23": 8.036696456409435e-22,
        "born_topup": 1.2243949076198544e-21
      }
    },
    {
      "energy_eV": 61.464,
      "sigma_au": 0.6483548002160344,
      "sigma_cm2": 1.815578351393918e-17,
      "sigma_mtong_cm2": 1.2613591003770067e-17,
      "sigma_scaled_cm2": 1.2613591003770067e-17,
      "calibration_alpha": 0.010780599700254882,
      "calibration_factor": 0.6947423114009885,
      "partial_waves": {
        "L0": 1.1551189169214214e-19,
        "L1": 3.706633563407268e-19,
        "L2": 6.727951203380021e-19,
        "L3": 1.051882191814947e-18,
        "L4": 1.5421322216079199e-18,
        "L5": 2.0902465357358796e-18,
        "L6": 1.2462591052292922e-18,
        "L7": 1.420777084558353e-18,
        "L8": 1.4895348833244866e-18,
        "L9": 1.5110686979368645e-18,
        "L10": 1.4345870741053965e-18,
        "L11": 1.292690960259292e-18,
        "L12": 1.07964778881249e-18,
        "L13": 8.601515052894686e-19,
        "L14": 6.388850359790411e-19,
        "L15": 4.614111549250404e-19,
        "L16": 3.069107257737632e-19,
        "L17": 2.088832853120821e-19,
        "L18": 1.360125771353013e-19,
        "L19": 9.206870181154648e-20,
        "L20": 5.914599257208826e-20,
        "L21": 4.0104462677636225e-20,
        "L22": 2.5974001943884474e-20,
        "L23": 1.869978542822891e-20,
        "L24": 1.2555862164761002e-20,
        "L25": 9.155496745017405e-21,
        "L26": 6.82388146131144e-21,
        "L27": 5.170141605610444e-21,
        "born_topup": 1.6163584695570835e-20
      }
    },
    {
      "energy_eV": 104.012,
      "sigma_au": 0.42861668906083417,
      "sigma_cm2": 1.2002489708500558e-17,
      "sigma_mtong_cm2": 7.904558448702441e-18,
      "sigma_scaled_cm2": 7.904558448702441e-18,
      "calibration_alpha": 0.010780599700254882,
      "calibration_factor": 0.658576565419104,
      "partial_waves": {
        "L0": 4.819199275660517e-20,
        "L1": 1.5251217952367084e-19,
        "L2": 2.7254286565319895e-19,
        "L3": 4.155491637588333e-19,
        "L4": 5.825766143360852e-19,
        "L5": 7.509446173427773e-19,
        "L6": 5.650798964574335e-19,
        "L7": 6.497898744107284e-19,
        "L8": 7.047587578144379e-19,
        "L9": 7.593469727652508e-19,
        "L10": 7.817752311279393e-19,
        "L11": 7.921644697020967e-19,
        "L12": 7.6865049243029095e-19,
        "L13": 7.459918862694462e-19,
        "L14": 6.840063851164818e-19,