{
  "Excitation_Z1.0_H_n1l0_to_n2l0": [
    {
      "energy_eV": 10.704,
      "sigma_au": 1.2770780451388826,
      "sigma_cm2": 3.576182749047345e-17,
      "sigma_mtong_cm2": 8.213415447579494e-18,
      "sigma_scaled_cm2": 5.99870644353955e-19,
      "calibration_alpha": 0.01677404893566342,
      "partial_waves": {
        "L0": 7.459463252915321e-18,
        "L1": 2.1316864006242238e-17,
        "L2": 6.978178192142971e-18,
        "L3": 7.531823427802551e-21,
        "L4": 1.3544845432508739e-23,
        "L5": 4.042273696662464e-26,
        "L6": 6.047929214043805e-50,
        "L7": 1.1309001989800754e-49,
        "L8": 1.2793440949448459e-50,
        "L9": 8.45649802335057e-52,
        "L10": 8.635604624843993e-51,
        "L11": 4.5652375883824455e-49,
        "L12": 8.22494397607895e-51,
        "L13": 2.1936545133439066e-49,
        "L14": 2.6759573629352124e-48
      }
    },
    {
      "energy_eV": 13.227,
      "sigma_au": 1.0620253205897556,
      "sigma_cm2": 2.973973787272748e-17,
      "sigma_mtong_cm2": 2.275630714287324e-17,
      "sigma_scaled_cm2": 4.988558184109335e-19,
      "calibration_alpha": 0.01677404893566342,
      "partial_waves": {
        "L0": 4.8648620558942436e-18,
        "L1": 1.7279897133764497e-17,
        "L2": 6.879166262604267e-18,
        "L3": 7.016387832324663e-19,
        "L4": 1.4450860419544343e-20,
        "L5": 2.9030181603758752e-22,
        "L6": 3.4407910392476e-29,
        "L7": 1.2764660065300153e-31,
        "L8": 1.9913227996415485e-34,
        "L9": 3.127566316891949e-37,
        "L10": 1.3360200877597205e-38,
        "L11": 1.7346046130547829e-40,
        "L12": 1.1383612105184154e-42,
        "L13": 3.029901757809007e-45,
        "L14": 5.068715880438314e-48
      }
    },
    {
      "energy_eV": 21.831,
      "sigma_au": 0.7646030406397418,
      "sigma_cm2": 2.1411065785784676e-17,
      "sigma_mtong_cm2": 1.8052028748789696e-17,
      "sigma_scaled_cm2": 3.5915026525546096e-19,
      "calibration_alpha": 0.01677404893566342,
      "partial_waves": {
        "L0": 2.8672906289010908e-18,
        "L1": 1.039630382654898e-17,
        "L2": 6.285757556118476e-18,
        "L3": 1.5569179159822888e-18,
        "L4": 2.6936413602273304e-19,
        "L5": 3.661441457487247e-20,
        "L6": 2.6278764052734826e-22,
        "L7": 1.951448781707243e-23,
        "L8": 1.448496415756064e-24,
        "L9": 1.0108268433661019e-25,
        "L10": 6.706218329575184e-27,
        "L11": 4.596390512983432e-28,
        "L12": 2.817355474146198e-29,
        "L13": 1.571578374574256e-30,
        "L14": 1.3418743480924586e-31,
        "born_topup": 1.2527049644287682e-32
      }
    },
    {
      "energy_eV": 36.49,
      "sigma_au": 0.49104872511007597,
      "sigma_cm2": 1.375076477404614e-17,
      "sigma_mtong_cm2": 1.0569945549238882e-17,
      "sigma_scaled_cm2": 2.3065600122264673e-19,
      "calibration_alpha": 0.01677404893566342,
      "partial_waves": {
        "L0": 1.5332804320944545e-18,
        "L1": 4.995892713865456e-18,
        "L2": 4.439218925894338e-18,
        "L3": 1.933940193087258e-18,
        "L4": 6.445427822001098e-19,
        "L5": 1.838068705225741e-19,
        "L6": 1.7439597532176787e-20,
        "L7": 3.7055316986980855e-21,
        "L8": 7.833560272267165e-22,
        "L9": 1.5290339315612656e-22,
        "L10": 2.9686179472128413e-23,
        "L11": 5.713146087076553e-24,
        "L12": 1.1004828628446138e-24,
        "L13": 2.0545862643453473e-25,
        "L14": 3.6309015250089204e-26,
        "born_topup": 7.79395577205111e-27
      }
    },
    {
      "energy_eV": 61.464,
      "sigma_au": 0.2983562723636799,
      "sigma_cm2": 8.354826538271818e-18,
      "sigma_mtong_cm2": 6.196602781977304e-18,
      "sigma_scaled_cm2": 1.401442692019509e-19,
      "calibration_alpha": 0.01677404893566342,
      "partial_waves": {
        "L0": 7.310027022117187e-19,
        "L1": 2.2370007234414304e-18,
        "L2": 2.4436114415601095e-18,
        "L3": 1.6056810741960727e-18,
        "L4": 8.248816746157993e-19,
        "L5": 3.700687263196982e-19,
        "L6": 9.199233799167793e-20,
        "L7": 3.4632109756700316e-20,
        "L8": 1.2166688972389514e-20,
        "L9": 4.130287357312339e-21,
        "L10": 1.3866135064773785e-21,
        "L11": 4.414469951588666e-22,
        "L12": 1.386219809161769e-22,
        "L13": 4.5079743433889214e-23,
        "L14": 1.3921157759138836e-23,
        "L15": 4.263750685791568e-24,
        "L16": 9.298334199464663e-25,
        "born_topup": 2.593316270043012e-25
      }
    },
    {
      "energy_eV": 104.012,
      "sigma_au": 0.17577903034121464,
      "sigma_cm2": 4.922314171348543e-18,
      "sigma_mtong_cm2": 3.741133874816387e-18,
      "sigma_scaled_cm2": 8.256713878691e-20,
      "calibration_alpha": 0.01677404893566342,
      "partial_waves": {
        "L0": 3.15811776470189e-19,
        "L1": 9.369943602334355e-19,
        "L2": 1.1680272286486867e-18,
        "L3": 1.0011201621493263e-18,
        "L4": 7.0033101466341885e-19,
        "L5": 4.303012005995903e-19,
        "L6": 1.8310294055772075e-19,
        "L7": 9.673077702558746e-20,
        "L8": 4.882303544764559e-20,
        "L9": 2.3433456951594628e-20,
        "L10": 1.1111228635647478e-20,
        "L11": 5.06111320226136e-21,
        "L12": 2.2922750366809942e-21,
        "L13": 1.023465543806187e-21,
        "L14": 4.518161210785683e-22,
        "L15": 1.924977092895463e-22,
        "L16": 7.049024410890346e-23,
        "L17": 2.9081850744472375e-23,
        "L18": 1.2661853336364345e-23,
        "L19": 5.487553931629402e-24,
        "L20": 2.362818354376521e-24,
        "born_topup": 1.786682564892995e-24
      }
    },
    {
      "energy_eV": 176.501,
      "sigma_au": 0.1025871015385041,
      "sigma_cm2": 2.8727314214917028e-18,
      "sigma_mtong_cm2": 2.312615541223752e-18,
      "sigma_scaled_cm2": 4.8187337443119767e-20,
      "calibration_alpha": 0.01677404893566342,
      "partial_waves": {
        "L0": 1.2622109152090924e-19,
        "L1": 3.7101571864687427e-19,
        "L2": 5.089033046947505e-19,
        "L3": 5.1730034637217905e-19,
        "L4": 4.468630902211588e-19,
        "L5": 3.4232182176469673e-19,
        "L6": 2.0419739007362538e-19,
        "L7": 1.3711854194356463e-19,
        "L8": 8.886691001284859e-20,
        "L9": 5.41724822286183e-20,
        "L10": 3.343142314559192e-20,
        "L11": 1.9268465263837176e-20,
        "L12": 1.1537625473229157e-20,
        "L13": 6.37702100268274e-21,
        "L14": 3.735126454019482e-21,
        "L15": 1.985029129589514e-21,
        "L16": 1.040558887619383e-21,
        "L17": 5.386046785505227e-22,
        "L18": 3.0764404050913478e-22,
        "L19": 1.586271497248979e-22,
        "L20": 9.046441780654275e-23,
        "L21": 4.632796026301715e-23,
        "L22": 2.605788625021541e-23,
        "L23": 1.4150653072220955e-23,
        "L24": 7.716867965524652e-24,
        "L25": 4.3055485792517594e-24,
        "born_topup": 5.4341873243802725e-24
      }
    },
    {
      "energy_eV": 300.0,
      "sigma_au": 0.06011558486429415,
      "sigma_cm2": 1.6834078258482691e-18,
      "sigma_mtong_cm2": 1.4501068759267854e-18,
      "sigma_scaled_cm2": 2.8237565249457635e-20,
      "calibration_alpha": 0.01677404893566342,
      "partial_waves": {
        "L0": 4.783204493037336e-20,
        "L1": 1.409062588730021e-19,
        "L2": 2.0650410584310307e-19,
        "L3": 2.359244499769691e-19,
        "L4": 2.3284203548889604e-19,
        "L5": 2.1042315072732377e-19,
        "L6": 1.5542549187014909e-19,
        "L7": 1.248297409921519e-19,
        "L8": 9.530923146772264e-20,
        "L9": 7.17214783681199e-20,
        "L10": 5.113970099832177e-20,
        "L11": 3.702289132924889e-20,
        "L12": 2.5205162114960066e-20,
        "L13": 1.7715870652230935e-20,
        "L14": 1.1502385319058557e-20,
        "L15": 7.991548909874415e-21,
        "L16": 4.848160099596089e-21,