{
  "Excitation_Z10.0_Ne_n2l1_to_n3l0": [
    {
      "energy_eV": 20.455,
      "sigma_au": 0.007480844881310496,
      "sigma_cm2": 2.0948499204629538e-19,
      "sigma_mtong_cm2": 9.722965236560622e-20,
      "sigma_scaled_cm2": 4.1155059735040754e-22,
      "calibration_alpha": 0.0019645827289596785,
      "partial_waves": {
        "L0": 1.7087172188902885e-19,
        "L1": 1.2700836086042308e-20,
        "L2": 3.995984700914218e-21,
        "L3": 1.431693140220031e-20,
        "L4": 1.217461203566125e-21,
        "L5": 1.6204961798113886e-23,
        "L6": 1.0873349431515012e-23,
        "L7": 8.706165327126813e-24,
        "L8": 2.241687625477666e-23,
        "L9": 1.8916120889199447e-23,
        "L10": 1.470882659032655e-23,
        "L11": 2.4800353029223198e-23,
        "L12": 1.9248607760614556e-23,
        "L13": 2.011630052256467e-23,
        "L14": 2.378487147921419e-23,
        "L15": 1.4431573606455043e-23,
        "L16": 8.912883264388712e-24,
        "L17": 2.3099751882866663e-23,
        "L18": 8.953605059892148e-24,
        "L19": 1.3197012492184413e-23,
        "L20": 5.252750102738208e-23,
        "L21": 1.52370239027313e-23,
        "L22": 7.261197343022798e-23,
        "L23": 1.9091477762578274e-22,
        "L24": 3.460325926257146e-23,
        "L25": 5.150343500834595e-22,
        "L26": 6.1322889247209e-23,
        "L27": 3.7318310532345245e-22,
        "L28": 1.1272961184176204e-22,
        "L29": 3.3657500106385234e-22
      }
    },
    {
      "energy_eV": 22.042,
      "sigma_au": 0.006495568460471461,
      "sigma_cm2": 1.8189444225445015e-19,
      "sigma_mtong_cm2": 3.1261392362753153e-19,
      "sigma_scaled_cm2": 3.5734667974684634e-22,
      "calibration_alpha": 0.0019645827289596785,
      "partial_waves": {
        "L0": 1.2123836446923633e-19,
        "L1": 1.6643694000012487e-20,
        "L2": 5.704086526952392e-21,
        "L3": 2.2644267091424826e-20,
        "L4": 6.1826195550904055e-21,
        "L5": 4.931335837051611e-22,
        "L6": 4.2750022198971575e-23,
        "L7": 1.311917337948071e-22,
        "L8": 9.50347529099424e-24,
        "L9": 5.559014291303667e-23,
        "L10": 1.1950404070019436e-23,
        "L11": 5.379118044201469e-23,
        "L12": 3.141467872575053e-23,
        "L13": 7.507642432703765e-23,
        "L14": 1.5172611607172663e-23,
        "L15": 6.183537509066256e-23,
        "L16": 2.5582006307290412e-23,
        "L17": 4.295663469394133e-23,
        "L18": 3.800251334817678e-23,
        "L19": 7.385792355233406e-23,
        "L20": 7.200372781911875e-23,
        "L21": 1.178219849592688e-22,
        "L22": 9.545789620715237e-23,
        "L23": 1.8628325870693333e-22,
        "L24": 2.927478296971669e-22,
        "L25": 2.3065092481144637e-22,
        "L26": 4.11506989728786e-22,
        "L27": 6.487983727077785e-23,
        "L28": 2.569986495755637e-22,
        "L29": 1.908365859466982e-22,
        "L30": 2.2234908055142775e-22
      }
    },
    {
      "energy_eV": 30.463,
      "sigma_au": 0.00474326995094138,
      "sigma_cm2": 1.3282508643225871e-19,
      "sigma_mtong_cm2": 5.567359396363077e-19,
      "sigma_scaled_cm2": 2.6094587077739197e-22,
      "calibration_alpha": 0.0019645827289596785,
      "partial_waves": {
        "L0": 4.386443774510521e-20,
        "L1": 5.9411870571983454e-21,
        "L2": 1.4724994256179185e-20,
        "L3": 6.030428846880827e-21,
        "L4": 3.321637668307626e-20,
        "L5": 1.5193736878348888e-20,
        "L6": 4.556051488664968e-21,
        "L7": 3.2414706851484897e-22,
        "L8": 5.228631836030146e-22,
        "L9": 5.293339320992766e-22,
        "L10": 4.326817904110366e-22,
        "L11": 3.112326959948548e-22,
        "L12": 2.0388302555682418e-22,
        "L13": 1.2241511344497e-22,
        "L14": 6.689276162069252e-23,
        "L15": 3.50788178737007e-23,
        "L16": 2.4017543205132786e-23,
        "L17": 3.8486343047009725e-23,
        "L18": 6.595066276051973e-23,
        "L19": 1.4322389719659172e-22,
        "L20": 2.8663594367271975e-22,
        "L21": 4.173081870375135e-22,
        "L22": 4.906389204843265e-22,
        "L23": 3.107008656402067e-22,
        "L24": 2.229080948011715e-22,
        "L25": 1.8802214202089558e-22,
        "L26": 1.2217420874185268e-22,
        "L27": 1.389854747262963e-22,
        "L28": 2.5825030965819674e-22,
        "L29": 3.871569894104687e-22,
        "L30": 8.958619856886054e-22,
        "L31": 5.865586960844565e-22,
        "L32": 4.0098569158124743e-22
      }
    },
    {
      "energy_eV": 44.774,
      "sigma_au": 0.004094647943430377,
      "sigma_cm2": 1.1466182035198522e-19,
      "sigma_mtong_cm2": 4.456021118967557e-19,
      "sigma_scaled_cm2": 2.2526263193458755e-22,
      "calibration_alpha": 0.0019645827289596785,
      "partial_waves": {
        "L0": 1.2430647431134492e-20,
        "L1": 1.9604081473412445e-21,
        "L2": 1.4814177273227876e-21,
        "L3": 8.18236413244569e-21,
        "L4": 4.839411275483927e-21,
        "L5": 1.9400528405641024e-20,
        "L6": 1.499408809266181e-20,
        "L7": 5.664089378660797e-21,
        "L8": 2.9522054552546327e-21,
        "L9": 1.4774247339122175e-21,
        "L10": 7.4128154683469255e-22,
        "L11": 3.7018512913478234e-22,
        "L12": 2.235575618508174e-22,
        "L13": 1.3985105912417592e-22,
        "L14": 1.1834686018815334e-22,
        "L15": 1.1204739234369064e-22,
        "L16": 1.127081738533045e-22,
        "L17": 1.2708530370133933e-22,
        "L18": 1.3008607353277116e-22,
        "L19": 1.5120458129188223e-22,
        "L20": 1.8312714948084842e-22,
        "L21": 2.1265370787943915e-22,
        "L22": 2.6109481975362448e-22,
        "L23": 3.1305910355977296e-22,
        "L24": 4.653997269504564e-22,
        "L25": 5.756571303134112e-22,
        "L26": 1.006612417448053e-21,
        "L27": 9.9692631245593e-22,
        "L28": 1.3754477545889072e-21,
        "L29": 1.012128365847829e-21,
        "L30": 1.3748144782895725e-21,
        "L31": 7.584235984045309e-22,
        "L32": 8.37387993289728e-22,
        "L33": 3.5317624268123284e-22,
        "L34": 5.302439099615792e-22,
        "L35": 2.8980578808899816e-22,
        "L36": 4.1212424823640033e-22
      }
    },
    {
      "energy_eV": 69.094,
      "sigma_au": 0.00368856513939636,
      "sigma_cm2": 1.0329034369087563e-19,
      "sigma_mtong_cm2": 3.002380505666518e-19,
      "sigma_scaled_cm2": 2.0292242528340355e-22,
      "calibration_alpha": 0.0019645827289596785,
      "partial_waves": {
        "L0": 2.9321518484441997e-21,
        "L1": 4.925906923741617e-22,
        "L2": 1.1114354755015381e-21,
        "L3": 8.41964138076088e-21,
        "L4": 2.160169044372739e-21,
        "L5": 4.653818400037361e-21,
        "L6": 1.0281277902348558e-20,
        "L7": 1.0068483859832905e-20,
        "L8": 8.490070940008054e-21,
        "L9": 6.606491935852111e-21,
        "L10": 4.789320916607476e-21,
        "L11": 3.4381654775521564e-21,
        "L12": 2.3798474217450254e-21,
        "L13": 1.7445441931373726e-21,
        "L14": 1.2132330843051687e-21,
        "L15": 8.718028098376262e-22,
        "L16": 6.177619853690125e-22,
        "L17": 4.6956461005403735e-22,
        "L18": 3.2798823298753914e-22,
        "L19": 2.823833555939612e-22,
        "L20": 1.9848837712999737e-22,
        "L21": 1.6985979220644453e-22,
        "L22": 1.3312970973290964e-22,
        "L23": 1.4554556748920894e-22,
        "L24": 1.070583541575569e-22,
        "L25": 1.4083803504214176e-22,
        "L26": 1.1461490201436603e-22,
        "L27": 1.8222082969748134e-22,
        "L28": 1.902138668033372e-22,
        "L29": 2.919352468197152e-22,
        "L30": 3.268207026302898e-22,
        "L31": 4.0902405766105326e-22,
        "L32": 4.4126995257367545e-22,
        "L33": 4.215964966662084e-22,
        "L34": 5.547652929665449e-22,
        "L35": 3.6239355316656506e-22,
        "L36": 4.653213452525782e-22,
        "L37": 2.6093268957348527e-22,