{
  "Excitation_Z10.0_Ne+_n2l1_to_n3l0": [
    {
      "energy_eV": 36.345,
      "sigma_au": 0.005015737612858663,
      "sigma_cm2": 1.4045495804371444e-19,
      "sigma_mtong_cm2": 1.1761290812726274e-18,
      "sigma_scaled_cm2": 1.6963299934377967e-20,
      "calibration_alpha": 0.12077394896304337,
      "partial_waves": {
        "L0": 8.696355780510278e-20,
        "L1": 1.3705925835249804e-20,
        "L2": 1.1234983505422295e-20,
        "L3": 5.717636587120859e-22,
        "L4": 2.3375940552024282e-20,
        "L5": 7.460222930864507e-22,
        "L6": 7.50823805669184e-24,
        "L7": 8.269033115266039e-24,
        "L8": 1.0459163732677628e-23,
        "L9": 1.0041678826905529e-23,
        "L10": 1.3003620107876037e-23,
        "L11": 1.1672812670283694e-23,
        "L12": 1.404238298000931e-23,
        "L13": 1.0897652870529625e-23,
        "L14": 1.2907835863336471e-23,
        "L15": 7.91926406067923e-24,
        "L16": 1.2777372322539193e-23,
        "L17": 6.564163301444126e-24,
        "L18": 1.1725459318939504e-23,
        "L19": 5.066730591748157e-24,
        "L20": 1.7349184910875142e-23,
        "L21": 2.7487744691017808e-24,
        "L22": 3.5568683305265497e-23,
        "L23": 1.3720392147669454e-23,
        "L24": 3.99915347754398e-23,
        "L25": 2.517964816525565e-24,
        "L26": 4.163456999231463e-23,
        "L27": 5.156485998334568e-24,
        "L28": 5.462784915506633e-23,
        "L29": 9.828470810399301e-23,
        "L30": 8.305145864432248e-23,
        "L31": 3.599482457176921e-22,
        "L32": 2.2556688800253806e-22,
        "L33": 2.6736806452085934e-22,
        "L34": 1.7689165603085211e-22
      }
    },
    {
      "energy_eV": 36.49,
      "sigma_au": 0.004532303382813865,
      "sigma_cm2": 1.26917420848036e-19,
      "sigma_mtong_cm2": 1.4952399333918397e-18,
      "sigma_scaled_cm2": 1.5328318108021798e-20,
      "calibration_alpha": 0.12077394896304337,
      "partial_waves": {
        "L0": 8.00061893647611e-20,
        "L1": 1.2101545949324528e-20,
        "L2": 1.0052789629551884e-20,
        "L3": 4.775983021983422e-22,
        "L4": 2.0667792522658647e-20,
        "L5": 6.412764649419793e-22,
        "L6": 8.033167230325867e-24,
        "L7": 3.198477618208086e-24,
        "L8": 8.161855231512251e-24,
        "L9": 6.966293201969574e-24,
        "L10": 2.9739843327929927e-24,
        "L11": 1.1608559573264296e-23,
        "L12": 1.254180230294413e-23,
        "L13": 3.320068132535333e-24,
        "L14": 1.8056681497469794e-23,
        "L15": 1.3030587311368521e-23,
        "L16": 4.3864992281742096e-24,
        "L17": 1.3422519825325525e-23,
        "L18": 1.5380886564598102e-23,
        "L19": 3.4199552235945976e-24,
        "L20": 1.811865546710447e-23,
        "L21": 1.5975079914416742e-23,
        "L22": 5.270904928778792e-24,
        "L23": 1.3606602594995708e-23,
        "L24": 2.1041117532086228e-23,
        "L25": 1.02465160790826e-23,
        "L26": 2.5671529717958902e-23,
        "L27": 8.149231706144163e-23,
        "L28": 3.116720215513696e-23,
        "L29": 8.963049640056086e-23,
        "L30": 1.7732083659770422e-22,
        "L31": 4.4555223781061786e-23,
        "L32": 1.572026967464974e-22,
        "L33": 6.802527533243628e-23,
        "L34": 2.378026102052187e-22
      }
    },
    {
      "energy_eV": 61.464,
      "sigma_au": 0.0018572580361749535,
      "sigma_cm2": 5.200852191281787e-20,
      "sigma_mtong_cm2": 1.0799126633039547e-17,
      "sigma_scaled_cm2": 6.281274571141988e-21,
      "calibration_alpha": 0.12077394896304337,
      "partial_waves": {
        "L0": 1.2576851276434725e-20,
        "L1": 2.7368926767199464e-21,
        "L2": 1.4117059597941462e-21,
        "L3": 8.587810129296708e-21,
        "L4": 1.1928687968671197e-21,
        "L5": 7.84355729343969e-21,
        "L6": 4.002778890247945e-21,
        "L7": 4.532188331817154e-22,
        "L8": 1.6568349731378943e-22,
        "L9": 2.7899053587474286e-22,
        "L10": 3.173982948946383e-22,
        "L11": 3.1616019478032625e-22,
        "L12": 2.9065471593566516e-22,
        "L13": 2.3645617528043993e-22,
        "L14": 1.8483591416793528e-22,
        "L15": 1.34020820667021e-22,
        "L16": 1.0946604733875232e-22,
        "L17": 8.201554685200533e-23,
        "L18": 5.866616371044001e-23,
        "L19": 4.6466756613574906e-23,
        "L20": 3.943011557709438e-23,
        "L21": 3.92405027602397e-23,
        "L22": 3.7040036330752613e-23,
        "L23": 4.2329448113986257e-23,
        "L24": 5.92550992987648e-23,
        "L25": 9.874276825250073e-23,
        "L26": 1.6119733996857888e-22,
        "L27": 2.0613133334309544e-22,
        "L28": 3.4249434539677226e-22,
        "L29": 2.3176025019594142e-22,
        "L30": 3.8661691120181775e-22,
        "L31": 1.8238841204409594e-22,
        "L32": 3.0734502148197017e-22,
        "L33": 1.4668052129609152e-22,
        "L34": 3.954939035312447e-22,
        "L35": 1.5760009650049835e-22,
        "L36": 3.01956001334045e-22,
        "L37": 1.8596059874076306e-22,
        "L38": 1.3687909890279728e-22,
        "L39": 1.5594652142390679e-22,
        "L40": 1.1376540718335176e-22
      }
    },
    {
      "energy_eV": 104.012,
      "sigma_au": 0.0017974428980638722,
      "sigma_cm2": 5.03335274529337e-20,
      "sigma_mtong_cm2": 6.97345385178949e-18,
      "sigma_scaled_cm2": 6.0789788757305574e-21,
      "calibration_alpha": 0.12077394896304337,
      "partial_waves": {
        "L0": 2.24052906920356e-21,
        "L1": 7.096863352702977e-22,
        "L2": 1.0400939749319798e-21,
        "L3": 5.197662370195447e-21,
        "L4": 2.7541201661672984e-21,
        "L5": 1.2130386624514207e-21,
        "L6": 4.218033522818378e-21,
        "L7": 4.806452635140418e-21,
        "L8": 3.788012357389446e-21,
        "L9": 2.6496600878740244e-21,
        "L10": 1.6566160840114295e-21,
        "L11": 1.0380292901880045e-21,
        "L12": 6.280905382451009e-22,
        "L13": 3.947578581385259e-22,
        "L14": 2.364862637348313e-22,
        "L15": 1.6216098101450028e-22,
        "L16": 9.778133296845912e-23,
        "L17": 7.094624546804473e-23,
        "L18": 5.103232474343805e-23,
        "L19": 4.39164715174956e-23,
        "L20": 3.0042932664795324e-23,
        "L21": 3.1672868442159807e-23,
        "L22": 2.781804216506505e-23,
        "L23": 3.236510454513813e-23,
        "L24": 3.539608349376682e-23,
        "L25": 3.877610154979425e-23,
        "L26": 4.6108689477235186e-23,
        "L27": 5.084317634203097e-23,
        "L28": 7.50059243789889e-23,
        "L29": 7.560233104645156e-23,
        "L30": 1.309631587070875e-22,
        "L31": 1.3736886155916453e-22,
        "L32": 2.3448793322509376e-22,
        "L33": 2.3496945066887683e-22,
        "L34": 4.1932120918074856e-22,
        "L35": 3.5283774622625894e-22,
        "L36": 5.262749353052195e-22,
        "L37": 4.933038699260643e-22,
        "L38": 4.612103063749115e-22,
        "L39": 3.5651776555490743e-22,
        "L40": 3.396694020718824e-22,
        "L41": 2.5715272724626325e-22,
        "L42": 2.0039454045424005e-22,
        "L43": 1.9013186094076938e-22,
        "L44": 1.6093379282679054e-22,
        "L45": 1.9876196157275916e-22,
        "L46": 1.7060977264508044e-22,
        "L47": 3.139909235050048e-22,
        "L48": 2.6964098308846173e-22
      }
    },
    {
      "energy_eV": 176.501,
      "sigma_au": 0.0013731381101493789,
      "sigma_cm2": 3.8451783274072756e-20,
      "sigma_mtong_cm2": 4.177480584883065e-18,
      "sigma_scaled_cm2": 4.643973710680868e-21,
      "calibration_alpha": 0.12077394896304337,
      "partial_waves": {
        "L0": 3.7967779813596726e-22,
        "L1": 2.0333488182829592e-22,
        "L2": 3.8148822479663776e-22,
        "L3": 1.3639401740310158e-21,
        "L4": 2.122384549367888e-21,
        "L5": 4.471624925088727e-22,
        "L6": 8.115396825471643e-22,
        "L7": 1.6243537990246449e-21,
        "L8": 2.5604877369222705e-21,