{
  "Excitation_Z10.0_Ne_n2l1_to_n3l0": [
    {
      "energy_eV": 20.455,
      "sigma_au": 0.00748084488130962,
      "sigma_cm2": 2.0948499204627085e-19,
      "sigma_mtong_cm2": 9.72296523318908e-20,
      "sigma_scaled_cm2": 4.115505972076425e-22,
      "calibration_alpha": 0.0019645827282784036,
      "partial_waves": {
        "L0": 1.7087172188903097e-19,
        "L1": 1.2700836086038278e-20,
        "L2": 3.995984700914186e-21,
        "L3": 1.431693140219067e-20,
        "L4": 1.2174612035658487e-21,
        "L5": 1.620496179806487e-23,
        "L6": 1.087334943147383e-23,
        "L7": 8.706165327113354e-24,
        "L8": 2.241687625472075e-23,
        "L9": 1.891612088909739e-23,
        "L10": 1.4708826590335794e-23,
        "L11": 2.4800353029080193e-23,
        "L12": 1.9248607760513728e-23,
        "L13": 2.011630052246635e-23,
        "L14": 2.3784871479054886e-23,
        "L15": 1.4431573606398995e-23,
        "L16": 8.912883264290341e-24,
        "L17": 2.309975188268246e-23,
        "L18": 8.953605059970487e-24,
        "L19": 1.3197012492012978e-23,
        "L20": 5.2527501027166644e-23,
        "L21": 1.523702390287029e-23,
        "L22": 7.261197342980467e-23,
        "L23": 1.9091477762573683e-22,
        "L24": 3.4603259262044456e-23,
        "L25": 5.150343500819417e-22,
        "L26": 6.132288924605419e-23,
        "L27": 3.7318310532247957e-22,
        "L28": 1.127296118409786e-22,
        "L29": 3.3657500106324104e-22
      }
    },
    {
      "energy_eV": 21.831,
      "sigma_au": 0.006637803229381872,
      "sigma_cm2": 1.8587742143750263e-19,
      "sigma_mtong_cm2": 2.9047865478422776e-19,
      "sigma_scaled_cm2": 3.6517157173304356e-22,
      "calibration_alpha": 0.0019645827282784036,
      "partial_waves": {
        "L0": 1.2579026727991671e-19,
        "L1": 1.7072880504840653e-20,
        "L2": 5.214491759226692e-21,
        "L3": 2.3102054589352677e-20,
        "L4": 5.1086664787373174e-21,
        "L5": 3.999995762588803e-22,
        "L6": 2.862003688989715e-23,
        "L7": 3.830780696218759e-23,
        "L8": 5.2138633592359367e-23,
        "L9": 1.1461790638820099e-23,
        "L10": 5.027847955832914e-23,
        "L11": 1.9759959159565667e-23,
        "L12": 6.502522148722667e-23,
        "L13": 6.4988208306476486e-24,
        "L14": 7.606720813901155e-23,
        "L15": 2.672261930897311e-24,
        "L16": 6.187429625972061e-23,
        "L17": 6.3897965227142225e-24,
        "L18": 7.607505739178894e-23,
        "L19": 1.8702317441610534e-23,
        "L20": 1.1533543593165335e-22,
        "L21": 6.476818443084017e-23,
        "L22": 1.044104552920276e-22,
        "L23": 2.143477527759559e-22,
        "L24": 2.6542627183529566e-22,
        "L25": 4.519005988906538e-22,
        "L26": 1.5824556055632316e-22,
        "L27": 3.911910418881988e-22,
        "L28": 6.619597812975164e-23,
        "L29": 3.283807516335404e-22,
        "L30": 2.077971332355804e-23
      }
    },
    {
      "energy_eV": 36.49,
      "sigma_au": 0.004123505565586381,
      "sigma_cm2": 1.1546991607429173e-19,
      "sigma_mtong_cm2": 5.18218673935032e-19,
      "sigma_scaled_cm2": 2.268502027553103e-22,
      "calibration_alpha": 0.0019645827282784036,
      "partial_waves": {
        "L0": 2.43691571218941e-20,
        "L1": 3.592784096376142e-21,
        "L2": 6.53314186894139e-21,
        "L3": 5.4845225230459295e-21,
        "L4": 1.8280602464335453e-20,
        "L5": 2.1964497680463257e-20,
        "L6": 1.0886485239248204e-20,
        "L7": 1.2396004771988653e-21,
        "L8": 4.333300760818233e-22,
        "L9": 1.9793822350945216e-22,
        "L10": 1.7153508212689827e-22,
        "L11": 1.6734126818491153e-22,
        "L12": 2.0101603939735719e-22,
        "L13": 2.0212790436787274e-22,
        "L14": 1.8133997058886242e-22,
        "L15": 1.7653500509869222e-22,
        "L16": 1.6388579960410413e-22,
        "L17": 1.6412668767544318e-22,
        "L18": 1.6884486390367204e-22,
        "L19": 1.6692663658373707e-22,
        "L20": 2.0555638769658511e-22,
        "L21": 2.552239913309149e-22,
        "L22": 3.3923944536593467e-22,
        "L23": 3.4979574710455994e-22,
        "L24": 4.2874492423424e-22,
        "L25": 2.8793999262569343e-22,
        "L26": 2.9853655170563087e-22,
        "L27": 2.438776255643624e-22,
        "L28": 3.2554516540574233e-22,
        "L29": 3.8735744339631803e-22,
        "L30": 3.7389281261843395e-22,
        "L31": 5.471649608623042e-22,
        "L32": 4.270366663110763e-22,
        "L33": 4.39231349649692e-22,
        "L34": 6.601375831450959e-22
      }
    },
    {
      "energy_eV": 61.464,
      "sigma_au": 0.003773617703782238,
      "sigma_cm2": 1.0567205806359385e-19,
      "sigma_mtong_cm2": 3.352492092542147e-19,
      "sigma_scaled_cm2": 2.0760150013336908e-22,
      "calibration_alpha": 0.0019645827282784036,
      "partial_waves": {
        "L0": 4.3372783181957745e-21,
        "L1": 7.20209930119472e-22,
        "L2": 9.717562930806559e-22,
        "L3": 9.41226426775664e-21,
        "L4": 1.6260031608336925e-21,
        "L5": 7.781967466013007e-21,
        "L6": 1.2697578014792992e-20,
        "L7": 1.0116315355893064e-20,
        "L8": 7.758173523250157e-21,
        "L9": 5.414270532082563e-21,
        "L10": 3.7228918082579205e-21,
        "L11": 2.4024212126873975e-21,
        "L12": 1.5858758032026057e-21,
        "L13": 1.0397708034807784e-21,
        "L14": 7.193762523120147e-22,
        "L15": 4.627034903942442e-22,
        "L16": 3.3869097558509033e-22,
        "L17": 2.154030346089724e-22,
        "L18": 1.713735594205696e-22,
        "L19": 1.251925660567666e-22,
        "L20": 9.847427469290026e-23,
        "L21": 8.292603049204715e-23,
        "L22": 8.454752327114749e-23,
        "L23": 1.0199498068033304e-22,
        "L24": 1.120526036638543e-22,
        "L25": 1.5549323176597024e-22,
        "L26": 1.659029246425875e-22,
        "L27": 3.261258560132215e-22,
        "L28": 3.783356639955393e-22,
        "L29": 6.232998274463333e-22,
        "L30": 6.054076905983526e-22,
        "L31": 8.02342686299903e-22,
        "L32": 7.60007766059262e-22,
        "L33": 8.534636916658344e-22,
        "L34": 7.513222073502865e-22,
        "L35": 6.89865426713019e-22,
        "L36": 5.675658342069736e-22,
        "L37": 4.410489810327091e-22,
        "L38": 5.1029789979126085e-22,
        "L39": 3.8457606284231417e-22,
        "L40": 6.549917029188409e-22
      }
    },
    {
      "energy_eV": 104.012,
      "sigma_au": 0.003753886457958664,
      "sigma_cm2": 1.0511952690702069e-19,
      "sigma_mtong_cm2": 2.0395457268168968e-19,
      "sigma_scaled_cm2": 2.0651600696632977e-22,
      "calibration_alpha": 0.0019645827282784036,
      "partial_waves": {
        "L0": 7.367968794892062e-22,
        "L1": 1.5297148006209963e-22,
        "L2": 8.815812376976565e-22,
        "L3": 3.83256366242554e-21,
        "L4": 2.9987075293037857e-21,
        "L5": 7.000790449092543e-22,
        "L6": 3.06103700818712e-21,
        "L7": 5.374977784579281e-21,
        "L8": 6.584608936165908e-21,
        "L9": 6.768448404387591e-21,
        "L10": 6.363684670620977e-21,
        "L11": 5.485805209405716e-21,
        "L12": 4.691182660893509e-21,
        "L13": 3.813613867174063e-21,
        "L14": 3.2381420187542668e-21,
        "L15": 2.5982997683948688e-21,
        "L16": 2.2023685095444017e-21,
        "L17": 1.7950266930915517e-21,
        "L18": 1.5400810334939417e-21,
        "L19": 1.2712460286199636e-21,
        "L20": 1.1362251008771096e-21,
        "L21": 9.654746807650745e-22,
        "L22": 8.78413325035393e-22,
        "L23": 7.932201370058171e-22,
        "L24": 7.212275027174588e-22,
        "L25": 6.980953587685792e-22,
        "L26": 6.4067314864475825e-22,
        "L27": 6.962584664401266e-22,
        "L28": 6.335279985251156e-22,
        "L29": 7.976344027339186e-22,
        "L30": 7.109694244920605e-22,
        "L31": 1.0453920903384046e-21,