{
  "Excitation_Z4.0_Be_n2l0_to_n3l0": [
    {
      "energy_eV": 7.229,
      "sigma_au": 4.56651488344492,
      "sigma_cm2": 1.2787544043690534e-16,
      "sigma_mtong_cm2": 5.398939033127071e-17,
      "sigma_scaled_cm2": 4.12414645191862e-18,
      "calibration_alpha": 0.03225127857098958,
      "partial_waves": {
        "L0": 8.150205854938303e-18,
        "L1": 2.2587821345251076e-17,
        "L2": 4.448830872947387e-17,
        "L3": 5.2645987319548337e-17,
        "L4": 1.0836313453644912e-20,
        "L5": 3.1245746884055584e-23,
        "L6": 3.832441502970632e-42,
        "L7": 2.2410838459412404e-46,
        "L8": 2.870381052579932e-50,
        "L9": 5.050008608183735e-50,
        "L10": 5.720458603996492e-49,
        "L11": 4.614987518574522e-50,
        "L12": 4.632101882576701e-49,
        "L13": 3.201162696601438e-48,
        "L14": 3.9580841799493737e-48
      }
    },
    {
      "energy_eV": 8.177,
      "sigma_au": 4.366800843312571,
      "sigma_cm2": 1.2228287772875713e-16,
      "sigma_mtong_cm2": 9.80724561960509e-17,
      "sigma_scaled_cm2": 3.943779154092404e-18,
      "calibration_alpha": 0.03225127857098958,
      "partial_waves": {
        "L0": 6.5268962415181385e-18,
        "L1": 2.265039429709424e-17,
        "L2": 5.981075952726698e-17,
        "L3": 3.2430500255354405e-17,
        "L4": 8.660593438783882e-19,
        "L5": 6.717855118090443e-21,
        "L6": 2.7185559437674903e-31,
        "L7": 4.316737259395314e-33,
        "L8": 2.568887448420647e-35,
        "L9": 3.371945098867236e-38,
        "L10": 2.039868094860193e-41,
        "L11": 5.22907649949779e-44,
        "L12": 2.6170032077390154e-46,
        "L13": 1.0567197585887409e-48,
        "L14": 4.1900372529147045e-48
      }
    },
    {
      "energy_eV": 13.227,
      "sigma_au": 4.163069339287359,
      "sigma_cm2": 1.165778145738017e-16,
      "sigma_mtong_cm2": 8.99755994142087e-17,
      "sigma_scaled_cm2": 3.7597835730168485e-18,
      "calibration_alpha": 0.03225127857098958,
      "partial_waves": {
        "L0": 3.285610538326793e-18,
        "L1": 1.424895976939548e-17,
        "L2": 3.774080180062528e-17,
        "L3": 4.7725755556491376e-17,
        "L4": 1.1948472412570247e-17,
        "L5": 1.6416976021124586e-18,
        "L6": 2.7320128237342724e-21,
        "L7": 1.828454427587273e-22,
        "L8": 1.0234780417827004e-23,
        "L9": 5.218253713550519e-25,
        "L10": 2.616716259301074e-26,
        "L11": 1.3145795097831441e-27,
        "L12": 5.183598704894542e-29,
        "L13": 2.10920150256503e-30,
        "L14": 1.1046315810439383e-31,
        "born_topup": 6.104905793303862e-33
      }
    },
    {
      "energy_eV": 21.831,
      "sigma_au": 2.5236966645523915,
      "sigma_cm2": 7.067070419035427e-17,
      "sigma_mtong_cm2": 5.3066055241557523e-17,
      "sigma_scaled_cm2": 2.2792205676511164e-18,
      "calibration_alpha": 0.03225127857098958,
      "partial_waves": {
        "L0": 1.7164088123794264e-18,
        "L1": 7.320070457998713e-18,
        "L2": 1.6681558174752278e-17,
        "L3": 2.2608413742376095e-17,
        "L4": 1.5976969007181548e-17,
        "L5": 5.951920115349757e-18,
        "L6": 3.2949494789782193e-19,
        "L7": 8.346020780551732e-20,
        "L8": 1.6332772056569693e-20,
        "L9": 3.049678828236058e-21,
        "L10": 5.932508383792293e-22,
        "L11": 9.597358440518323e-23,
        "L12": 1.674124850081095e-23,
        "L13": 3.048708595166481e-24,
        "L14": 5.341630547975597e-25,
        "born_topup": 1.134718638139274e-25
      }
    },
    {
      "energy_eV": 36.49,
      "sigma_au": 1.413998250697433,
      "sigma_cm2": 3.959598374253911e-17,
      "sigma_mtong_cm2": 3.086776555488812e-17,
      "sigma_scaled_cm2": 1.2770211019730035e-18,
      "calibration_alpha": 0.03225127857098958,
      "partial_waves": {
        "L0": 8.513187457995265e-19,
        "L1": 3.3775247062752248e-18,
        "L2": 6.809906985890466e-18,
        "L3": 9.78914100975786e-18,
        "L4": 9.364526491354918e-18,
        "L5": 6.722847111104728e-18,
        "L6": 1.5456645593816177e-18,
        "L7": 7.091910831419479e-19,
        "L8": 2.8904127479515954e-19,
        "L9": 1.0408838404435589e-19,
        "L10": 3.5109798663944806e-20,
        "L11": 1.1384801688082822e-20,
        "L12": 3.471952383879186e-21,
        "L13": 1.0565969416980565e-21,
        "L14": 3.145399740715229e-22,
        "L15": 9.747796813203237e-23,
        "L16": 1.788764039476418e-23,
        "L17": 5.909092389169279e-24,
        "born_topup": 2.9149921048385175e-24
      }
    },
    {
      "energy_eV": 61.464,
      "sigma_au": 0.7827387846042931,
      "sigma_cm2": 2.19189183399339e-17,
      "sigma_mtong_cm2": 1.8486994439004105e-17,
      "sigma_scaled_cm2": 7.069131413559808e-19,
      "calibration_alpha": 0.03225127857098958,
      "partial_waves": {
        "L0": 3.9061996369464266e-19,
        "L1": 1.4492203984270708e-18,
        "L2": 2.719372875487975e-18,
        "L3": 3.87780239499632e-18,
        "L4": 4.262198215576433e-18,
        "L5": 3.994836823618214e-18,
        "L6": 1.970343301581028e-18,
        "L7": 1.412586564082667e-18,
        "L8": 8.76918162409684e-19,
        "L9": 4.943443933582246e-19,
        "L10": 2.56975706309274e-19,
        "L11": 1.273501010409772e-19,
        "L12": 5.924613702984655e-20,
        "L13": 2.679981891002686e-20,
        "L14": 1.2126333352370016e-20,
        "L15": 5.280760042057113e-21,
        "L16": 1.888494400481977e-21,
        "L17": 7.816882228417991e-22,
        "L18": 3.357503204860026e-22,
        "L19": 1.459929881808709e-22,
        "L20": 6.36743193063056e-23,
        "L21": 2.7506267993490817e-23,
        "L22": 1.2689948389314056e-23,
        "born_topup": 1.0868744359298124e-23
      }
    },
    {
      "energy_eV": 104.012,
      "sigma_au": 0.45339736950068477,
      "sigma_cm2": 1.269641943531699e-17,
      "sigma_mtong_cm2": 1.1364297937792165e-17,
      "sigma_scaled_cm2": 4.094757600625345e-19,
      "calibration_alpha": 0.03225127857098958,
      "partial_waves": {
        "L0": 1.6740944219239803e-19,
        "L1": 5.886317558846602e-19,
        "L2": 1.0602321143599892e-18,
        "L3": 1.4746615572587118e-18,
        "L4": 1.732628740409444e-18,
        "L5": 1.830100275303682e-18,
        "L6": 1.3305884312171975e-18,
        "L7": 1.2131675737830646e-18,
        "L8": 1.0008782299918264e-18,
        "L9": 7.8530111231249825e-19,
        "L10": 5.616612611374243e-19,
        "L11": 3.7463039041610293e-19,
        "L12": 2.43718933526175e-19,
        "L13": 1.5065652471924254e-19,
        "L14": 8.99085400691935e-20,
        "L15": 5.273758936174924e-20,
        "L16": 2.7479161209026045e-20,
        "L17": 1.5501223819686894e-20,
        "L18": 8.444658848790263e-21,
        "L19": 4.75570418129864e-21,
        "L20": 2.5634350448812e-21,
        "L21": 1.4676806512397037e-21,
        "L22": 7.865457686785404e-22,
        "L23": 4.537074357691735e-22,
        "L24": 2.4263051412864476e-22,
        "L25": 1.4437134653605154e-22,
        "L26": 8.039066113591955e-23,
        "L27": 5.0598608657997826e-23,
        "L28": 2.867554785887473e-23,
        "born_topup": 3.7507857709335273e-23
      }
    },
    {
      "energy_eV": 176.501,
      "sigma_au": 0.2703774380954689,
      "sigma_cm2": 7.571339383126577e-18,
      "sigma_mtong_cm2": 7.102840283741189e-18,
      "sigma_scaled_cm2": 2.4418537560071963e-19,
      "calibration_alpha": 0.03225127857098958,
      "partial_waves": {
        "L0": 6.803838490696648e-20,
        "L1": 2.291851345228963e-19,
        "L2": 4.013349469313492e-19,
        "L3": 5.532991064846631e-19,
        "L4": 6.702828525964663e-19,
        "L5": 7.453860019918116e-19,
        "L6": 6.4961991769113865e-19,
        "L7": 6.667015488243729e-19,
        "L8": 6.5037795333013785e-19,
        "L9": 6.008170106196988e-19,
        "L10": 5.351604243876262e-19,
        "L11": 4.4980897698764785e-19,